Brand,Price,Horsepower,Fuel Efficiency,encoded_brand,scaled_fuel_efficieny,scaled_horsepower,scaled_encoded_brand,Performance_Index
Brand C,91942,382,15.3,6,0.21200000000000002,0.705,0.625,0.002958278044854364
Brand A,70075,197,32.6,4,0.904,0.2425,0.375,0.00210745629682483
Brand C,84524,188,34.9,6,0.996,0.22,0.625,0.0016808243812408308
Brand E,68939,258,15.1,2,0.204,0.395,0.125,0.002685417543045301
Brand X,66505,277,13.0,8,0.12,0.4425,0.875,0.002974212465228178
Brand W,92762,125,18.5,1,0.34,0.0625,0.0,0.0010031047196050107
Brand Y,99356,284,20.6,3,0.42400000000000004,0.46,0.25,0.00206308627561496
Brand A,38486,445,22.0,4,0.48,0.8625,0.375,0.00826534324169828
Brand A,54628,426,13.5,4,0.14,0.815,0.375,0.00553287691293842
Brand D,93925,250,22.1,9,0.48400000000000004,0.375,1.0,0.0019337769496939046
Brand D,91392,196,34.6,9,0.9840000000000001,0.24,1.0,0.001614802170868347
Brand W,44426,243,28.9,1,0.7559999999999999,0.3575,0.0,0.004023994957907531
Brand B,80911,380,14.0,5,0.16,0.7,0.5,0.003339471765272954
Brand Z,70801,434,12.1,7,0.08399999999999999,0.835,0.75,0.004342170308328978
Brand Y,56553,267,26.6,3,0.664,0.4175,0.25,0.0034459710360193086
Brand C,98956,302,19.7,6,0.38799999999999996,0.505,0.625,0.002196026516835765
Brand D,41342,397,20.9,9,0.43599999999999994,0.7425,1.0,0.006873639398190701
Brand Y,56788,371,16.6,3,0.26400000000000007,0.6775,0.25,0.00466084384024794
Brand W,73681,368,22.8,1,0.512,0.67,0.0,0.0035889849486299037
Brand C,63849,448,23.3,6,0.532,0.87,0.625,0.005021065326003539
Brand D,66440,392,31.5,9,0.86,0.73,1.0,0.004272275737507525
Brand D,32201,443,31.4,9,0.856,0.8575,1.0,0.009922673208906555
Brand C,58132,271,14.4,6,0.17600000000000002,0.4275,0.625,0.0033375765499208693
Brand W,55534,289,21.3,1,0.452,0.4725,0.0,0.0037578780566859937
Brand D,58482,326,28.2,9,0.728,0.565,1.0,0.004046715228617353
Brand D,62941,415,30.4,9,0.816,0.7875,1.0,0.004760331103732067
Brand Z,38558,425,33.3,7,0.9319999999999999,0.8125,0.75,0.007974739353700919
Brand Z,89631,159,30.4,7,0.816,0.1475,0.75,0.0013435083843759414
Brand Y,81392,123,28.8,3,0.752,0.0575,0.25,0.0011639964615687045
Brand Z,88737,133,15.3,7,0.21200000000000002,0.0825,0.75,0.0011008936520279027
Brand Y,83940,418,30.6,3,0.8240000000000001,0.795,0.25,0.0035951870383607335
Brand W,78623,406,28.6,1,0.7440000000000001,0.765,0.0,0.0037238467115220733
Brand E,54572,462,34.2,2,0.9680000000000001,0.905,0.125,0.006114124459429744
Brand X,90994,412,21.5,8,0.46,0.78,0.875,0.00324032353781568
Brand E,93796,301,19.8,2,0.392,0.5025,0.125,0.0023096933771162946
Brand Y,87899,375,34.5,3,0.98,0.6875,0.25,0.0031041308774843856
Brand X,53136,348,29.8,8,0.792,0.62,0.875,0.004752710027100271
Brand D,59191,372,18.0,9,0.32,0.68,1.0,0.004490547549458532
Brand W,31549,293,20.0,1,0.4,0.4825,0.0,0.006691178801229832
Brand Y,65818,191,23.1,3,0.524,0.2275,0.25,0.0021366495487556594
Brand W,32910,469,27.6,1,0.7040000000000001,0.9225,0.0,0.010227286539045881
Brand A,38830,145,28.0,4,0.72,0.1125,0.375,0.0028302858614473346
Brand B,49391,377,29.0,5,0.76,0.6925,0.5,0.0055192241501488114
Brand Z,91045,479,15.4,7,0.21600000000000003,0.9475,0.75,0.003733538360151573
Brand D,83677,451,14.2,9,0.16799999999999998,0.8775,1.0,0.0038237508514884612
Brand A,86547,237,22.0,4,0.48,0.3425,0.375,0.0019931366771811843
Brand B,63487,399,26.4,5,0.6559999999999999,0.7475,0.5,0.004524075795044654
Brand C,56290,206,19.9,6,0.39599999999999996,0.265,0.625,0.002667791792503109
Brand D,47458,388,24.8,9,0.5920000000000001,0.72,1.0,0.0058797252307303295
Brand E,61479,342,22.3,2,0.49200000000000005,0.605,0.125,0.004002830234714292
Brand X,87307,488,14.2,8,0.16799999999999998,0.97,0.875,0.003961423482653166
Brand D,71988,343,16.1,9,0.24400000000000005,0.6075,1.0,0.003402372617658499
Brand E,58456,138,30.1,2,0.804,0.095,0.125,0.0018070001368550705
Brand X,66884,389,34.0,8,0.96,0.7225,0.875,0.004223730638119729
Brand C,46162,417,25.6,6,0.6240000000000001,0.7925,0.625,0.00648975347688575
Brand X,77816,200,12.6,8,0.10399999999999998,0.25,0.875,0.0018476919913642438
Brand E,99746,417,12.6,2,0.10399999999999998,0.7925,0.125,0.002964329396667535
Brand C,34281,397,33.9,6,0.956,0.7425,0.625,0.008403197106268778
Brand B,49012,250,28.1,5,0.7240000000000001,0.375,0.5,0.0037425528442014203
Brand X,71598,372,19.7,8,0.38799999999999996,0.68,0.875,0.0037195173049526524
Brand B,49863,449,24.4,5,0.576,0.8725,0.5,0.00645007320056956
Brand W,91999,476,25.2,1,0.608,0.94,0.0,0.0037039533038402592
Brand B,55450,186,32.5,5,0.9,0.215,0.5,0.0025238954012623983
Brand A,38366,233,13.9,4,0.15600000000000003,0.3325,0.375,0.004359849867069801
Brand C,69103,132,15.9,6,0.23600000000000002,0.08,0.625,0.0014061618164189686
Brand C,31700,191,32.0,6,0.88,0.2275,0.625,0.004520504731861198
Brand D,70482,474,33.0,9,0.92,0.935,1.0,0.004848046309696092
Brand W,72835,244,31.5,1,0.86,0.36,0.0,0.0024747717443536757
Brand W,35571,354,25.5,1,0.62,0.635,0.0,0.007181411824238846
Brand X,37908,205,14.4,8,0.17600000000000002,0.2625,0.875,0.003899440751292603
Brand A,49095,197,16.6,4,0.26400000000000007,0.2425,0.375,0.002910275995518891
Brand A,98767,330,10.3,4,0.012000000000000028,0.575,0.375,0.002370123624287464
Brand W,33667,283,27.7,1,0.708,0.4575,0.0,0.006130929396738646
Brand C,47868,154,14.9,6,0.196,0.135,0.625,0.002345408205899557
Brand Y,32684,222,28.9,3,0.7559999999999999,0.305,0.25,0.005019887406682168
Brand Z,95983,271,19.6,7,0.38400000000000006,0.4275,0.75,0.002037652500963712
Brand X,89267,204,24.9,8,0.596,0.26,0.875,0.0016833768357847802
Brand X,33850,408,30.5,8,0.82,0.77,0.875,0.008707533234859673
Brand W,84671,152,16.5,1,0.26,0.13,0.0,0.0013150901725502238
Brand W,54081,212,18.0,1,0.32,0.28,0.0,0.0028438823246611563
Brand C,57404,357,34.2,6,0.9680000000000001,0.6425,0.625,0.00453208835621211
Brand Z,76085,477,15.8,7,0.23200000000000004,0.9425,0.75,0.004450811592298087
Brand E,94629,414,25.3,2,0.612,0.785,0.125,0.0031426941001172996
Brand C,39722,415,10.2,6,0.007999999999999972,0.7875,0.625,0.007390363023009919
Brand Z,75163,176,17.9,7,0.31599999999999995,0.19,0.75,0.0017105490733472586
Brand A,82723,175,25.7,4,0.628,0.1875,0.375,0.0015740483299686904
Brand D,69648,242,34.0,9,0.96,0.355,1.0,0.0025786813691706864
Brand B,36457,119,31.3,5,0.852,0.0475,0.5,0.002542447266642894
Brand D,73006,175,24.4,9,0.576,0.1875,1.0,0.001778210010136153
Brand E,58809,487,18.4,2,0.33599999999999997,0.9675,0.125,0.0058905949769593085
Brand C,60421,472,30.8,6,0.8320000000000001,0.93,0.625,0.005621224408732063
Brand B,60815,343,20.1,5,0.4040000000000001,0.6075,0.5,0.004047192304530133
Brand Y,82142,423,21.5,3,0.46,0.8075,0.25,0.0036832558252781764
Brand Y,99304,449,25.8,3,0.632,0.8725,0.25,0.0032429710787078058
Brand C,67139,196,16.9,6,0.27599999999999997,0.24,0.625,0.0021190366255082736
Brand X,72244,209,17.0,8,0.28,0.2725,0.875,0.0020956757654614915
Brand D,81681,137,18.5,9,0.34,0.0925,1.0,0.0012420269095628114
Brand X,96377,102,12.1,8,0.08399999999999999,0.005,0.875,0.0007785052450273404
Brand X,96461,214,28.5,8,0.74,0.285,0.875,0.001641596085464592
Brand W,49762,128,34.0,1,0.96,0.07,0.0,0.002005546400868132
Brand E,34119,453,17.6,2,0.30400000000000005,0.8825,0.125,0.009448694275916643
Brand A,48537,181,23.4,4,0.5359999999999999,0.2025,0.375,0.0027550116406040753
Brand X,94739,381,22.8,8,0.512,0.7025,0.875,0.0028873009003683803
Brand Y,41256,478,20.8,3,0.43200000000000005,0.945,0.25,0.008261586193523365
Brand D,80533,220,28.3,9,0.732,0.3,1.0,0.0020176821923931806
Brand D,71517,393,34.2,9,0.9680000000000001,0.7325,1.0,0.0039901002558832156
Brand A,73334,406,14.3,4,0.17200000000000004,0.765,0.375,0.003933918782556522
Brand W,50421,262,12.3,1,0.09200000000000003,0.405,0.0,0.003710557109141032
Brand B,48526,442,13.6,5,0.144,0.855,0.5,0.006460042039319127
Brand Y,72626,440,21.1,3,0.44400000000000006,0.85,0.25,0.004328064329578938
Brand Y,60759,138,29.2,3,0.768,0.095,0.25,0.0017340640892707254
Brand A,33431,327,33.0,4,0.92,0.5675,0.375,0.0071430708025485325
Brand D,64870,259,31.7,9,0.868,0.3975,1.0,0.0029414213041467547
Brand B,70915,375,29.4,5,0.7759999999999999,0.6875,0.5,0.0038259888599027005
Brand D,35527,203,34.0,9,0.96,0.2575,1.0,0.004286880400821909
Brand A,38953,121,25.9,4,0.6359999999999999,0.0525,0.375,0.002373886478576746
Brand W,49106,393,12.9,1,0.11600000000000002,0.7325,0.0,0.005680975848165193
Brand W,50976,350,29.7,1,0.7879999999999999,0.625,0.0,0.004980971437539234
Brand W,88322,371,31.7,1,0.868,0.6775,0.0,0.0030480514481103236
Brand Y,99437,364,13.1,3,0.12399999999999999,0.66,0.25,0.002601948972716393
Brand W,66089,133,15.1,1,0.204,0.0825,0.0,0.001477250374494999
Brand B,51585,372,17.5,5,0.3,0.68,0.5,0.00514975283512649
Brand Z,61643,206,16.2,7,0.24799999999999997,0.265,0.75,0.0024181172233668055
Brand B,40277,264,26.3,5,0.652,0.41,0.5,0.004784119969213197
Brand E,49230,261,23.2,2,0.528,0.4025,0.125,0.0038525289457647777
Brand D,99979,369,28.2,9,0.728,0.6725,1.0,0.00266816031366587
Brand A,52740,302,29.1,4,0.764,0.505,0.375,0.004173871824042472
Brand D,95643,160,11.1,9,0.043999999999999984,0.15,1.0,0.0012058383781353575
Brand E,71590,349,20.9,2,0.43599999999999994,0.6225,0.125,0.0035000698421567256
Brand D,33755,249,34.8,9,0.9919999999999999,0.3725,1.0,0.0054729669678566135
Brand Y,41844,130,11.7,3,0.06799999999999998,0.075,0.25,0.0022586272822865882
Brand Y,80517,167,18.2,3,0.32799999999999996,0.1675,0.25,0.0015196790739843758
Brand W,49461,301,13.7,1,0.14799999999999996,0.5025,0.0,0.004343017731141707
Brand E,30667,239,15.0,2,0.2,0.3475,0.125,0.005602113020510646
Brand A,91753,196,25.5,4,0.62,0.24,0.375,0.0015786949745512408
Brand B,78913,396,26.5,5,0.66,0.74,0.5,0.003613473065274416
Brand C,79572,455,27.0,6,0.68,0.8875,0.625,0.004104458854873574
Brand Y,82088,321,32.7,3,0.9080000000000001,0.5525,0.25,0.0028568122015398107
Brand D,63779,498,34.3,9,0.9719999999999999,0.995,1.0,0.005627087285783722
Brand A,30024,349,15.9,4,0.23600000000000002,0.6225,0.375,0.008295696775912603
Brand A,53227,451,26.9,4,0.6759999999999999,0.8775,0.375,0.0060828151126308076
Brand Y,49842,412,14.5,3,0.18,0.78,0.25,0.00587356045102524
Brand X,58314,222,12.5,8,0.1,0.305,0.875,0.0027291902459100725
Brand A,73887,407,10.5,4,0.02,0.7675,0.375,0.0038985207140633665
Brand Y,55940,408,26.3,3,0.652,0.77,0.25,0.005246514122273864
Brand D,40672,188,28.1,9,0.7240000000000001,0.22,1.0,0.0034429091266719117
Brand E,79349,426,18.7,2,0.348,0.815,0.125,0.003828781711174684
Brand C,52431,398,18.8,6,0.35200000000000004,0.745,0.625,0.005421220270450687
Brand X,56322,225,14.3,8,0.17200000000000004,0.3125,0.875,0.0028725897517843826
Brand C,31816,376,11.9,6,0.07600000000000001,0.69,0.625,0.008384774955996982
Brand B,98141,412,31.9,5,0.8759999999999999,0.78,0.5,0.003036141877502776
Brand B,97568,380,13.9,5,0.15600000000000003,0.7,0.5,0.0027690431288947197
Brand X,62821,250,10.4,8,0.016000000000000014,0.375,0.875,0.0028353576033491984
Brand A,47132,104,33.9,4,0.956,0.01,0.375,0.0017603751166935416
Brand E,68470,169,20.5,2,0.42,0.1725,0.125,0.0018175843435081058
Brand Y,45260,444,29.5,3,0.78,0.86,0.25,0.007062527618205921
Brand D,49157,403,16.2,9,0.24799999999999997,0.7575,1.0,0.005837622312183412
Brand D,36278,475,18.2,9,0.32799999999999996,0.9375,1.0,0.009315838800374883
Brand X,74454,133,14.1,8,0.16399999999999998,0.0825,0.875,0.0013072501141644505
Brand Z,65710,128,21.0,7,0.44,0.07,0.75,0.0014594430071526402
Brand X,52075,284,31.2,8,0.848,0.46,0.875,0.003997311569851176
Brand Y,66531,381,11.1,3,0.043999999999999984,0.7025,0.25,0.00405870947377914
Brand A,46753,419,17.5,4,0.3,0.7975,0.375,0.006385686480011977
Brand E,36102,308,15.1,2,0.204,0.52,0.125,0.006097446124868428
Brand E,51627,269,22.9,2,0.5159999999999999,0.4225,0.125,0.003780386232010382
Brand W,83049,174,33.5,1,0.94,0.185,0.0,0.0015876169490300907
Brand E,45201,427,31.7,2,0.868,0.8175,0.125,0.006823079135417357
Brand C,44911,166,32.0,6,0.88,0.165,0.625,0.0028010954999888667
Brand C,51087,117,33.4,6,0.9359999999999999,0.0425,0.625,0.0017992835750778081
Brand A,77227,185,21.8,4,0.47200000000000003,0.2125,0.375,0.001761560076139174
Brand X,88092,428,14.2,8,0.16799999999999998,0.82,0.875,0.003449348408482041
Brand E,90663,140,26.3,2,0.652,0.1,0.125,0.0011679516451032945
Brand E,70215,176,28.3,2,0.732,0.19,0.125,0.0018755251726838994
Brand Z,43713,336,32.9,7,0.9159999999999999,0.59,0.75,0.005606341362981264
Brand X,79645,192,16.0,8,0.24,0.23,0.875,0.0017477556657668402
Brand Y,38803,420,25.6,3,0.6240000000000001,0.8,0.25,0.007774656598716594
Brand A,45787,228,27.9,4,0.716,0.32,0.375,0.003668508528621661
Brand B,64143,347,25.0,5,0.6,0.6175,0.5,0.0039037774971547945
Brand Y,47139,194,31.4,3,0.856,0.235,0.25,0.003080676297757695
Brand Z,46302,383,12.9,7,0.11600000000000002,0.7075,0.75,0.005873828344347976
Brand W,34830,315,33.2,1,0.9280000000000002,0.5375,0.0,0.006616709732988803
Brand Z,56555,200,31.1,7,0.8440000000000001,0.25,0.75,0.0026404385111838038
Brand C,86313,387,14.4,6,0.17600000000000002,0.7175,0.625,0.003188627437350109
Brand Y,83440,252,14.7,3,0.18799999999999997,0.38,0.25,0.002166946308724832
Brand Z,44961,471,32.5,7,0.9,0.9275,0.75,0.00754987655968506
Brand W,64475,357,31.2,1,0.848,0.6425,0.0,0.004021093447072508
Brand B,63805,296,15.9,5,0.23600000000000002,0.49,0.5,0.0033221534362510774
Brand E,71848,472,20.1,2,0.4040000000000001,0.93,0.125,0.004682524217793118
Brand D,35720,218,22.6,9,0.504,0.295,1.0,0.0044619260918253075
Brand X,57401,314,31.2,8,0.848,0.535,0.875,0.003992264943119457
Brand Z,32510,207,34.3,7,0.9719999999999999,0.2675,0.75,0.004773608120578283
Brand E,83063,417,13.1,2,0.12399999999999999,0.7925,0.125,0.0035615135499560573
Brand C,44528,239,16.3,6,0.252,0.3475,0.625,0.003867005030542579
Brand D,31065,405,14.9,9,0.196,0.7625,1.0,0.009269917914051184
Brand X,84752,397,31.2,8,0.848,0.7425,0.875,0.0033894185387955446
Brand Z,32209,422,32.5,7,0.9,0.805,0.75,0.009474060045328945
Brand Y,51984,177,34.7,3,0.9880000000000001,0.1925,0.25,0.002583679593721145
Brand D,37992,342,26.2,9,0.648,0.605,1.0,0.006508212255211623
Brand B,69943,274,15.8,5,0.23200000000000004,0.435,0.5,0.002810002430550591
Brand X,59626,265,23.7,8,0.5479999999999999,0.4125,0.875,0.003230302217153591
Brand E,31282,480,24.6,2,0.5840000000000001,0.95,0.125,0.010976919634294483
Brand W,76374,500,26.3,1,0.652,1.0,0.0,0.004686018802210176
Brand B,36798,461,31.9,5,0.8759999999999999,0.9025,0.5,0.009029566824283929
Brand E,86743,178,21.9,2,0.4759999999999999,0.195,0.125,0.0015121681288403673
Brand D,72522,272,12.5,9,0.1,0.43,1.0,0.002677118667438846
Brand Y,59179,401,19.1,3,0.36400000000000005,0.7525,0.25,0.004840061508305311
Brand E,88828,317,16.0,2,0.24,0.5425,0.125,0.0025521232043950104
Brand W,34099,395,12.4,1,0.09600000000000002,0.7375,0.0,0.008217836300184756
Brand X,54533,181,15.7,8,0.22799999999999998,0.2025,0.875,0.002409733555828581
Brand A,70835,302,11.5,4,0.06,0.505,0.375,0.003033105103409331
Brand D,96273,317,10.4,9,0.016000000000000014,0.5425,1.0,0.002337311603460991
Brand X,52627,431,28.5,8,0.74,0.8275,0.875,0.0058952628878712445
Brand D,60078,115,10.3,9,0.012000000000000028,0.0375,1.0,0.0013913579013948535
Brand W,83011,349,28.7,1,0.748,0.6225,0.0,0.003046704653600125
Brand C,51934,453,28.0,6,0.72,0.8825,0.625,0.0062675703777871905
Brand Z,83121,482,10.5,7,0.02,0.955,0.75,0.0040970392560243495
Brand X,76878,422,14.1,8,0.16399999999999998,0.805,0.875,0.003897473919716954
Brand C,93627,278,34.4,6,0.976,0.445,0.625,0.002188684887906266
Brand A,91729,325,19.8,4,0.392,0.5625,0.375,0.0025448876582105985
Brand C,95216,146,18.4,6,0.33599999999999997,0.115,0.625,0.0011313224668123003
Brand W,80362,114,20.3,1,0.41200000000000003,0.035,0.0,0.00106878873099226
Brand Z,59416,140,12.6,7,0.10399999999999998,0.1,0.75,0.0017130065975494817
Brand D,48545,198,19.2,9,0.368,0.245,1.0,0.002973735709135853
Brand W,60640,358,34.6,1,0.9840000000000001,0.645,0.0,0.004303759894459103
Brand Z,94823,233,30.6,7,0.8240000000000001,0.3325,0.75,0.0018168587789882203
Brand Y,39046,500,21.6,3,0.4640000000000001,1.0,0.25,0.009129744404036265
Brand W,80807,283,32.1,1,0.884,0.4575,0.0,0.002570693133020654
Brand D,44152,431,13.5,9,0.14,0.8275,1.0,0.006924941112520384
Brand Z,52923,188,29.8,7,0.792,0.22,0.75,0.002655556185401432
Brand B,49126,450,20.5,5,0.42,0.875,0.5,0.006537271505923543
Brand A,79871,261,33.8,4,0.9519999999999998,0.4025,0.375,0.0024143932090495922
Brand Y,64565,294,16.2,3,0.24799999999999997,0.485,0.25,0.0032627584604661966
Brand X,96840,208,27.7,8,0.708,0.27,0.875,0.0015893225939694342
Brand D,59222,407,11.9,9,0.07600000000000001,0.7675,1.0,0.004870993887406707
Brand B,38150,354,10.4,5,0.016000000000000014,0.635,0.5,0.006577195281782438
Brand E,37538,160,23.2,2,0.528,0.15,0.125,0.0031690553572379988
Brand B,94784,134,18.1,5,0.32400000000000007,0.085,0.5,0.0010469066509115462
Brand B,90681,376,15.8,5,0.23200000000000004,0.69,0.5,0.002954753476472469
Brand D,81189,457,21.2,9,0.44799999999999995,0.8925,1.0,0.004018524676988262
Brand B,33926,255,15.9,5,0.23600000000000002,0.3875,0.5,0.00540205152390497
Brand D,73434,438,31.0,9,0.84,0.845,1.0,0.004301822044284664
Brand B,50046,318,16.7,5,0.26799999999999996,0.545,0.5,0.004548015825440594
Brand D,94527,183,14.8,9,0.19200000000000003,0.2075,1.0,0.001402139071376432
Brand W,94111,425,19.5,1,0.38,0.8125,0.0,0.0032233213970736686
Brand A,31181,451,13.4,4,0.136,0.8775,0.375,0.010253680125717583
Brand Z,37351,176,12.8,7,0.11200000000000003,0.19,0.75,0.003401247623892265
Brand Y,86551,128,29.4,3,0.7759999999999999,0.07,0.25,0.0011371330198380145
Brand Y,66206,349,12.0,3,0.08,0.6225,0.25,0.0037443736217261272
Brand A,71051,294,31.9,4,0.8759999999999999,0.485,0.375,0.0030312029387341483
Brand C,48022,139,15.9,6,0.23600000000000002,0.0975,0.625,0.0021254841530964973
Brand C,89476,339,30.3,6,0.812,0.5975,0.625,0.002753699316017703
Brand E,98144,222,24.4,2,0.576,0.305,0.125,0.0016579719595696118
Brand Z,57238,117,21.3,7,0.452,0.0425,0.75,0.0015425067263007092
Brand E,93290,136,35.0,2,1.0,0.09,0.125,0.0011330260478079107
Brand W,60377,200,14.7,1,0.18799999999999997,0.25,0.0,0.0023918048263411565
Brand Z,39260,210,17.7,7,0.308,0.275,0.75,0.003879521141110545
Brand Z,34022,313,25.3,7,0.612,0.5325,0.75,0.0066630415613426605
Brand A,31662,203,22.5,4,0.5,0.2575,0.375,0.004701219127029246
Brand D,32407,356,12.1,9,0.08399999999999999,0.64,1.0,0.007801709507205233
Brand C,92237,224,28.0,6,0.72,0.31,0.625,0.0017910383035007642
Brand A,54785,140,23.5,4,0.54,0.1,0.375,0.0019174956648717713
Brand W,34963,290,11.8,1,0.07200000000000002,0.475,0.0,0.00590738780997054
Brand A,54414,213,10.2,4,0.007999999999999972,0.2825,0.375,0.0027963391774175764
Brand Z,87011,137,20.4,7,0.4159999999999999,0.0925,0.75,0.001172495431612095
Brand A,46033,476,17.1,4,0.28400000000000003,0.94,0.375,0.007349727369495796
Brand A,76676,371,28.2,4,0.728,0.6775,0.375,0.003497313370546194
Brand E,40731,159,22.6,2,0.504,0.1475,0.125,0.002899020402150696
Brand Y,43186,291,30.7,3,0.828,0.4775,0.25,0.00493006993006993
Brand A,95882,253,11.5,4,0.06,0.3825,0.375,0.001883043741265305
Brand W,34332,292,31.3,1,0.852,0.48,0.0,0.006227135034370266
Brand W,53068,378,13.7,1,0.14799999999999996,0.695,0.0,0.005063503429562071
Brand A,68892,349,24.7,4,0.588,0.6225,0.375,0.003653689833362364
Brand C,71916,431,12.9,6,0.11600000000000002,0.8275,0.625,0.004248984926859114
Brand E,88439,435,20.7,2,0.428,0.8375,0.125,0.003513269032892728
Brand B,64747,447,11.3,5,0.052000000000000025,0.8675,0.5,0.0048850139774815815
Brand W,86496,367,19.1,1,0.36400000000000005,0.6675,0.0,0.003036325379208287
Brand X,80716,349,13.6,8,0.144,0.6225,0.875,0.0030772089796322908
Brand B,55385,340,33.3,5,0.9319999999999999,0.6,0.5,0.004477566128012999
Brand D,59933,499,32.9,9,0.9159999999999999,0.9975,1.0,0.005992858692206296
Brand A,92412,275,25.5,4,0.62,0.4375,0.375,0.0021658442626498724
Brand C,98367,461,16.5,6,0.26,0.9025,0.625,0.0033308934907031826
Brand E,48129,130,29.4,2,0.7759999999999999,0.075,0.125,0.0020740094329821934
Brand A,94547,183,24.2,4,0.568,0.2075,0.375,0.001431668905412123
Brand W,95301,132,18.9,1,0.3559999999999999,0.08,0.0,0.0010290553089684262
Brand Y,30001,465,21.2,3,0.44799999999999995,0.9125,0.25,0.011061631278957368
Brand D,36707,332,26.9,9,0.6759999999999999,0.58,1.0,0.006551066554063257
Brand D,33309,365,11.8,9,0.07200000000000002,0.6625,1.0,0.007776877120297817
Brand Y,36337,359,29.4,3,0.7759999999999999,0.6475,0.25,0.007158543633211328
Brand D,97053,304,21.0,9,0.44,0.51,1.0,0.002257529391157409
Brand B,58528,234,10.0,5,0.0,0.335,0.5,0.0028499179879715687
Brand D,31838,431,26.1,9,0.644,0.8275,1.0,0.00972203027828381
Brand C,75088,381,18.3,6,0.332,0.7025,0.625,0.003624946729171106
Brand E,68508,231,28.1,2,0.7240000000000001,0.3275,0.125,0.002483359607637064
Brand D,57521,259,30.1,9,0.804,0.3975,1.0,0.003308878496549086
Brand X,90593,474,34.1,8,0.9640000000000001,0.935,0.875,0.003775457264910092
Brand W,65049,189,27.6,1,0.7040000000000001,0.2225,0.0,0.0021611400636443296
Brand B,44761,452,16.2,5,0.24799999999999997,0.88,0.5,0.00717723017805679
Brand E,94754,472,30.6,2,0.8240000000000001,0.93,0.125,0.003583806488380438
Brand X,41610,384,13.2,8,0.12799999999999997,0.71,0.875,0.006555155010814707
Brand B,96605,109,24.5,5,0.58,0.0225,0.5,0.0008658972102893224
Brand C,92009,361,28.4,6,0.736,0.6525,0.625,0.0028390700909693613
Brand A,49750,175,23.1,4,0.524,0.1875,0.375,0.0026016080402010045
Brand A,75846,375,12.5,4,0.1,0.6875,0.375,0.003510402658017562
Brand D,78270,169,30.5,9,0.82,0.1725,1.0,0.0016283378050338572
Brand Z,52276,396,19.6,7,0.38400000000000006,0.74,0.75,0.0054151044456347075
Brand X,66744,224,12.3,8,0.09200000000000003,0.31,0.875,0.0024045607095768903
Brand A,48512,163,19.5,4,0.38,0.1575,0.375,0.0024725841029023744
Brand D,67754,244,20.1,9,0.4040000000000001,0.36,1.0,0.0026098828113469315
Brand C,85226,452,11.3,6,0.052000000000000025,0.88,0.625,0.0037522587003965924
Brand Y,44910,274,21.1,3,0.44400000000000006,0.435,0.25,0.004411712313515921
Brand E,91232,437,30.6,2,0.8240000000000001,0.8425,0.125,0.003453612767450017
Brand A,34537,246,25.4,4,0.616,0.365,0.375,0.005206590033876712
Brand A,31600,482,29.1,4,0.764,0.955,0.375,0.010953481012658228
Brand Y,52864,102,21.4,3,0.45599999999999996,0.005,0.25,0.0014720792978208232
Brand E,66118,340,27.9,2,0.716,0.6,0.125,0.003726216763967452
Brand B,98850,406,15.8,5,0.23200000000000004,0.765,0.5,0.0029230146686899344
Brand C,49858,102,25.4,6,0.616,0.005,0.625,0.0015849011191784667
Brand E,49241,218,20.2,2,0.408,0.295,0.125,0.0032221116549217116
Brand C,59276,342,17.7,6,0.308,0.605,0.625,0.004128315001012213
Brand C,50206,294,16.5,6,0.26,0.485,0.625,0.00419770545353145
Brand C,32898,258,22.9,6,0.5159999999999999,0.395,0.625,0.005698522706547511
Brand Y,85356,335,24.6,3,0.5840000000000001,0.5875,0.25,0.0028337785275786113
Brand X,64204,477,34.8,8,0.9919999999999999,0.9425,0.875,0.005363217245031462
Brand Y,34756,157,30.2,3,0.8079999999999999,0.1425,0.25,0.0034227183795603635
Brand D,72671,169,26.5,9,0.66,0.1725,1.0,0.0017372817217321903
Brand Z,46419,275,31.6,7,0.8640000000000001,0.4375,0.75,0.004351235485469312
Brand X,78019,433,30.0,8,0.8,0.8325,0.875,0.004000307617375254
Brand W,42693,299,28.5,1,0.74,0.4975,0.0,0.005102710046143395
Brand W,65817,345,23.3,1,0.532,0.6125,0.0,0.0037754683440448513
Brand Y,55438,120,33.2,3,0.9280000000000002,0.05,0.25,0.0016948663371694507
Brand W,72982,406,27.5,1,0.7,0.765,0.0,0.0040071524485489575
Brand B,85253,332,24.4,5,0.576,0.58,0.5,0.00281186585809297
Brand W,55823,174,18.3,1,0.332,0.185,0.0,0.0022802429106282356
Brand C,75343,361,34.5,6,0.98,0.6525,0.625,0.0034913661521309212
Brand Z,99025,342,12.0,7,0.08,0.605,0.75,0.002453925776319111
Brand A,83617,249,10.3,4,0.012000000000000028,0.3725,0.375,0.0021214585550785128
Brand W,70713,271,19.8,1,0.392,0.4275,0.0,0.0027666765658365504
Brand Z,78792,301,17.7,7,0.308,0.5025,0.75,0.002741521981927099
Brand D,71902,453,24.5,9,0.58,0.8825,1.0,0.004512391866707463
Brand D,51423,100,10.2,9,0.007999999999999972,0.0,1.0,0.0014207650273224044
Brand X,65501,269,25.0,8,0.6,0.4225,0.875,0.002989267339429932
Brand Z,94683,407,30.4,7,0.816,0.7675,0.75,0.0031053092952272317
Brand B,56270,378,31.7,5,0.868,0.695,0.5,0.004871334636573662
Brand B,83684,131,18.6,5,0.3440000000000001,0.0775,0.5,0.0011624683332536684
Brand C,38896,431,34.1,6,0.9640000000000001,0.8275,0.625,0.008019590703414233
Brand Y,50761,184,16.8,3,0.272,0.21,0.25,0.0026366698843600395
Brand Y,33463,424,11.5,3,0.06,0.81,0.25,0.008972596599228997
Brand W,88506,261,19.4,1,0.37599999999999995,0.4025,0.0,0.002130025083045217
Brand A,44379,170,26.8,4,0.672,0.175,0.375,0.0028626152008833007
Brand A,86056,100,18.3,4,0.332,0.0,0.375,0.0008772194849865204
Brand B,31436,114,27.4,5,0.696,0.035,0.5,0.0027999745514696527
Brand D,62879,128,14.3,9,0.17200000000000004,0.07,1.0,0.0014931853241940871
Brand E,44018,476,24.1,2,0.5640000000000001,0.94,0.125,0.007733881593893407
Brand C,49594,175,24.6,6,0.5840000000000001,0.1875,0.625,0.0026188651853046737
Brand Y,58403,198,26.3,3,0.652,0.245,0.25,0.0025082615619060663
Brand D,45321,436,19.5,9,0.38,0.84,1.0,0.006863264270426514
Brand D,47666,270,20.7,9,0.428,0.425,1.0,0.004095371963244242
Brand C,76017,132,22.9,6,0.5159999999999999,0.08,0.625,0.0013058921030822052
Brand A,89863,340,29.7,4,0.7879999999999999,0.6,0.375,0.002747626943235814
Brand C,65121,400,29.1,6,0.764,0.75,0.625,0.004433746410528094
Brand A,33376,472,11.2,4,0.04799999999999997,0.93,0.375,0.01
Brand B,39241,346,10.8,5,0.03200000000000003,0.615,0.5,0.006254682602380163
Brand W,76602,180,29.0,1,0.76,0.2,0.0,0.0017584397274222603
Brand E,46762,131,33.4,2,0.9359999999999999,0.0775,0.125,0.0021752705187973137
Brand A,78386,408,29.0,4,0.76,0.77,0.375,0.0037544969765009053
Brand W,54810,210,20.0,1,0.4,0.275,0.0,0.0027914614121510675
Brand E,36639,115,18.8,2,0.35200000000000004,0.0375,0.125,0.002351046698872786
Brand B,48905,484,20.7,5,0.428,0.96,0.5,0.007054697883651977
Brand E,90904,497,16.1,2,0.24400000000000005,0.9925,0.125,0.003880247293848455
Brand W,99480,381,16.4,1,0.25599999999999995,0.7025,0.0,0.002730398069963812
Brand E,86931,226,17.3,2,0.29200000000000004,0.315,0.125,0.0018795366440050153
Brand X,30973,329,33.9,8,0.956,0.5725,0.875,0.007763858844800309
Brand C,45142,234,10.7,6,0.027999999999999973,0.335,0.625,0.0036996588542820433
Brand Z,47384,293,15.8,7,0.23200000000000004,0.4825,0.75,0.004428499071416512
Brand Z,64485,378,25.5,7,0.62,0.695,0.75,0.004221912072575017
Brand Z,97568,210,11.1,7,0.043999999999999984,0.275,0.75,0.00154077156444736
Brand C,66689,137,16.7,6,0.26799999999999996,0.0925,0.625,0.001513143097062484
Brand Z,71316,293,31.3,7,0.852,0.4825,0.75,0.003007599977564642
Brand D,84341,152,16.0,9,0.24,0.13,1.0,0.001318457215351964
Brand Y,64313,246,23.3,3,0.532,0.365,0.25,0.0027862174055012204
Brand Y,50237,470,11.6,3,0.06399999999999999,0.925,0.25,0.006618229591735175
Brand W,31847,167,11.7,1,0.06799999999999998,0.1675,0.0,0.0037808898797374946
Brand X,98447,430,30.0,8,0.8,0.825,0.875,0.00314890245512814
Brand D,91221,374,18.2,9,0.32799999999999996,0.685,1.0,0.0029298078293375426
Brand B,66445,143,17.8,5,0.31200000000000006,0.1075,0.5,0.0015868763639100007
Brand A,83235,321,14.7,4,0.18799999999999997,0.5525,0.375,0.002752568030275725
Brand Y,65593,153,22.9,3,0.5159999999999999,0.1325,0.25,0.0017375329684569999
Brand Z,85764,195,25.3,7,0.612,0.2375,0.75,0.0016800755561774171
Brand D,78500,285,28.9,9,0.7559999999999999,0.4625,1.0,0.0026518471337579614
Brand A,74535,223,15.3,4,0.21200000000000002,0.3075,0.375,0.0021558999127926476
Brand D,31302,324,22.0,9,0.48,0.56,1.0,0.007456392562775541
Brand E,92519,452,10.2,2,0.007999999999999972,0.88,0.125,0.0034529123747554552
Brand Y,72976,479,13.8,3,0.15200000000000002,0.9475,0.25,0.004651392238544178
Brand Y,39822,396,19.7,3,0.38799999999999996,0.74,0.25,0.007109386771131536
Brand E,93107,386,27.4,2,0.696,0.715,0.125,0.0029903229617536807
Brand A,48612,206,17.0,4,0.28,0.265,0.375,0.0030712581255657036
Brand Y,88829,483,20.5,3,0.42,0.9575,0.25,0.003875423566628015
Brand X,39856,323,23.2,8,0.528,0.5575,0.875,0.005847551184263348
Brand W,78459,273,18.0,1,0.32,0.4325,0.0,0.002504492792413872
Brand E,55791,310,16.4,2,0.25599999999999995,0.525,0.125,0.003977702496818483
Brand C,75063,387,19.6,6,0.38400000000000006,0.7175,0.625,0.0036873026657607607
Brand A,56764,289,21.4,4,0.45599999999999996,0.4725,0.375,0.003676978366570361
Brand E,44259,190,16.0,2,0.24,0.225,0.125,0.003113491041370117
Brand D,37382,316,18.3,9,0.332,0.54,1.0,0.0060641485206784015
Brand X,87028,153,26.1,8,0.644,0.1325,0.875,0.0013206094590246817
Brand D,30943,341,19.5,9,0.38,0.6025,1.0,0.007903241443945318
Brand Z,61144,121,21.0,7,0.44,0.0525,0.75,0.0014882899385058222
Brand C,71918,337,27.0,6,0.68,0.5925,0.625,0.0033927528574209513
Brand D,77096,277,18.8,9,0.35200000000000004,0.4425,1.0,0.0025882017225277573
Brand Y,49574,279,12.2,3,0.08799999999999997,0.4475,0.25,0.004013394117884374
Brand B,39363,375,20.0,5,0.4,0.6875,0.5,0.006821126438533648
Brand B,34221,332,18.5,5,0.34,0.58,0.5,0.0069533327488968755
Brand E,88438,168,24.5,2,0.58,0.17,0.125,0.0014128542029444356
Brand A,50353,369,27.8,4,0.7120000000000001,0.6725,0.375,0.0052954143745159174
Brand E,63800,242,35.0,2,1.0,0.355,0.125,0.00281974921630094
Brand B,90449,296,21.0,5,0.44,0.49,0.5,0.0023604462183108715
Brand B,60938,322,34.3,5,0.9719999999999999,0.555,0.5,0.0038677015983458593
Brand D,33106,205,19.6,9,0.38400000000000006,0.2625,1.0,0.004512173019996375
Brand Y,51122,481,13.7,3,0.14799999999999996,0.9525,0.25,0.006666601463166543
Brand B,71185,307,21.6,5,0.4640000000000001,0.5175,0.5,0.003109924843717075
Brand C,75183,101,17.3,6,0.29200000000000004,0.0025,0.625,0.0010094037215859965
Brand C,31727,211,13.9,6,0.15600000000000003,0.2775,0.625,0.004786774671415513
Brand D,76106,220,17.6,9,0.30400000000000005,0.3,1.0,0.0020928704701337606
Brand D,63561,294,31.1,9,0.8440000000000001,0.485,1.0,0.0033846226459621465
Brand W,53323,172,16.9,1,0.27599999999999997,0.18,0.0,0.002353018397314479
Brand E,80449,108,27.1,2,0.684,0.02,0.125,0.0010407836020335864
Brand B,91533,292,34.4,5,0.976,0.48,0.5,0.0023458206329957498
Brand X,31005,280,29.9,8,0.7959999999999999,0.45,0.875,0.006610869214642799
Brand B,76365,250,23.7,5,0.5479999999999999,0.375,0.5,0.0023847312250376484
Brand E,68841,373,19.5,2,0.38,0.6825,0.125,0.0038777763251550672
Brand Z,72771,393,34.9,7,0.996,0.7325,0.75,0.003924228057880199
Brand W,87291,308,26.2,1,0.648,0.52,0.0,0.0025599431785636546
Brand X,83533,127,25.5,8,0.62,0.0675,0.875,0.001155830629810973
Brand C,56332,376,20.5,6,0.42,0.69,0.625,0.004781474117730597
Brand E,76522,248,28.4,2,0.736,0.37,0.125,0.0023799691591960483
Brand B,38192,496,22.3,5,0.49200000000000005,0.99,0.5,0.009266076665270214
Brand C,69835,484,13.9,6,0.15600000000000003,0.96,0.625,0.004911147705305362
Brand A,70902,246,30.6,4,0.8240000000000001,0.365,0.375,0.002558178894812558
Brand C,64592,330,29.5,6,0.78,0.575,0.625,0.003713308149616051
Brand W,75839,343,22.2,1,0.488,0.6075,0.0,0.003253734885744801
Brand B,32522,492,23.1,5,0.524,0.98,0.5,0.010802841153680584
Brand Z,36535,433,18.1,7,0.32400000000000007,0.8325,0.75,0.008444778979061174
Brand Y,88046,168,33.5,3,0.94,0.17,0.25,0.0014498103264202803
Brand A,59600,349,24.2,4,0.568,0.6225,0.375,0.004220805369127516
Brand X,35908,182,31.9,8,0.8759999999999999,0.205,0.875,0.0038144703130221676
Brand W,72974,150,33.1,1,0.924,0.125,0.0,0.0015749445007811002
Brand W,53806,497,19.4,1,0.37599999999999995,0.9925,0.0,0.006573988031074601
Brand E,54205,264,16.8,2,0.272,0.41,0.125,0.0035022599391200068
Brand E,55313,473,18.3,2,0.332,0.9325,0.125,0.006085187930504583
Brand B,71229,359,12.9,5,0.11600000000000002,0.6475,0.5,0.003582389195411981
Brand W,66275,323,13.7,1,0.14799999999999996,0.5575,0.0,0.0034735571482459445
Brand X,84850,188,15.8,8,0.23200000000000004,0.22,0.875,0.0016068355922215676
Brand E,61812,185,33.0,2,0.92,0.2125,0.125,0.0022552255225522554
Brand Z,72235,253,14.3,7,0.17200000000000004,0.3825,0.75,0.0025111095729217136
Brand Y,58407,387,33.1,3,0.924,0.7175,0.25,0.004808156556577122
Brand D,80985,172,20.1,9,0.4040000000000001,0.18,1.0,0.001561153299993826
Brand A,40398,150,30.1,4,0.804,0.125,0.375,0.002822664488341007
Brand C,55465,400,11.4,6,0.056000000000000015,0.75,0.625,0.005109889119264402
Brand Z,31743,186,31.5,7,0.86,0.215,0.75,0.004399395142236083
Brand Y,77180,260,31.1,3,0.8440000000000001,0.4,0.25,0.0024790101062451414
Brand E,81336,446,34.1,2,0.9640000000000001,0.865,0.125,0.003964173305793252
Brand D,42672,165,26.2,9,0.648,0.1625,1.0,0.0028908886389201346
Brand D,44391,285,24.8,9,0.5920000000000001,0.4625,1.0,0.004661755761302967
Brand W,76034,275,15.1,1,0.204,0.4375,0.0,0.0025913407159954757
Brand A,96484,444,28.9,4,0.7559999999999999,0.86,0.375,0.003311118942000746
Brand B,38850,456,32.3,5,0.8919999999999999,0.89,0.5,0.008465637065637065
Brand X,86932,282,32.7,8,0.9080000000000001,0.455,0.875,0.002383587171582386
Brand C,35956,333,11.6,6,0.06399999999999999,0.5825,0.625,0.006579708532651017
Brand W,86440,270,26.2,1,0.648,0.425,0.0,0.0022774178621008793
Brand W,75155,313,12.7,1,0.10799999999999997,0.5325,0.0,0.0029660035925753443
Brand E,82161,188,35.0,2,1.0,0.22,0.125,0.0017295310427088277
Brand A,38930,242,20.0,4,0.4,0.355,0.375,0.004505522733110711
Brand D,69829,359,28.3,9,0.732,0.6475,1.0,0.003720374056624038
Brand X,45330,309,23.4,8,0.5359999999999999,0.5225,0.875,0.004926538716082065
Brand Y,35114,318,33.7,3,0.9480000000000001,0.545,0.25,0.006627271173890756
Brand X,48390,252,25.7,8,0.628,0.38,0.875,0.003804711717296962
Brand D,99608,346,12.1,9,0.08399999999999999,0.615,1.0,0.0024679744598827403
Brand X,91753,337,13.3,8,0.13200000000000003,0.5925,0.875,0.0026145194162588686
Brand X,37796,388,10.4,8,0.016000000000000014,0.72,0.875,0.007268494020531272
Brand B,50165,366,23.7,5,0.5479999999999999,0.665,0.5,0.005248878700289047
Brand C,60479,432,24.8,6,0.5920000000000001,0.83,0.625,0.005123100580366738
Brand A,65286,201,15.9,4,0.23600000000000002,0.2525,0.375,0.002228195937873357
Brand C,95003,378,21.8,6,0.47200000000000003,0.695,0.625,0.0028540151363641146
Brand Y,64309,252,23.2,3,0.528,0.38,0.25,0.002851233886392262
Brand B,71281,152,24.1,5,0.5640000000000001,0.13,0.5,0.0015941134383636593
Brand C,92767,278,15.3,6,0.21200000000000002,0.445,0.625,0.0021472075199154873
Brand E,81021,486,11.0,2,0.04,0.965,0.125,0.004239641574406636
Brand Y,58605,146,15.1,3,0.204,0.115,0.25,0.001821175667605153
Brand A,66807,379,25.4,4,0.616,0.6975,0.375,0.004085200652626222
Brand C,85904,372,11.8,6,0.07200000000000002,0.68,0.625,0.003072499534363941
Brand C,32628,416,33.3,6,0.9319999999999999,0.79,0.625,0.009231028564423194
Brand D,91079,372,17.3,9,0.29200000000000004,0.68,1.0,0.0029160399213869277
Brand W,41076,470,24.8,1,0.5920000000000001,0.925,0.0,0.008190670951407148
Brand Z,60237,387,22.8,7,0.512,0.7175,0.75,0.004610787389810249
Brand X,92877,340,34.9,8,0.996,0.6,0.875,0.0026752586754524798
Brand D,76630,422,10.8,9,0.03200000000000003,0.805,1.0,0.003897168210883466
Brand Z,96625,413,12.2,7,0.08799999999999997,0.7825,0.75,0.0030298576972833118
Brand X,90523,361,10.5,8,0.02,0.6525,0.875,0.002826353523413939
Brand W,58818,484,17.2,1,0.288,0.96,0.0,0.005847869699751776
Brand W,64867,299,13.3,1,0.13200000000000003,0.4975,0.0,0.003288112599626929
Brand D,83017,291,32.8,9,0.9119999999999999,0.4775,1.0,0.002572244239131744
Brand A,96630,244,13.6,4,0.144,0.36,0.375,0.001809789920314602
Brand D,70614,207,33.7,9,0.9480000000000001,0.2675,1.0,0.0021951737615770245
Brand B,49723,295,12.6,5,0.10399999999999998,0.4875,0.5,0.004229028819660922
Brand X,43467,110,35.0,8,1.0,0.025,0.875,0.0020130213725354867
Brand B,67384,201,12.8,5,0.11200000000000003,0.2525,0.5,0.002145019589219993
Brand E,68669,202,28.3,2,0.732,0.255,0.125,0.002182789905197396
Brand X,75586,238,26.3,8,0.652,0.345,0.875,0.0023084962823803346
Brand D,68136,172,30.2,9,0.8079999999999999,0.18,1.0,0.0019000234824468707
Brand C,56032,329,13.8,6,0.15200000000000002,0.5725,0.625,0.004184037692747001
Brand Y,97259,314,33.2,3,0.9280000000000002,0.535,0.25,0.002362352070245427
Brand C,97974,170,20.7,6,0.428,0.175,0.625,0.0012779921203584623
Brand E,80007,218,23.6,2,0.544,0.295,0.125,0.001995825365280538
Brand Y,42677,153,12.7,3,0.10799999999999997,0.1325,0.25,0.002598823722379736
Brand Z,63670,215,28.9,7,0.7559999999999999,0.2875,0.75,0.0024999214700801003
Brand Z,37521,197,23.4,7,0.5359999999999999,0.2425,0.75,0.0038623704059060258
Brand X,67829,443,28.1,8,0.7240000000000001,0.8575,0.875,0.004696073950670067
Brand A,43999,481,12.3,4,0.09200000000000003,0.9525,0.375,0.0077363121889133845
Brand B,39646,452,16.0,5,0.24,0.88,0.5,0.008101700045401805
Brand C,72030,305,10.5,6,0.02,0.5125,0.625,0.0030077745383867835
Brand W,54784,294,14.7,1,0.18799999999999997,0.485,0.0,0.0038370692172897194
Brand E,89287,392,14.3,2,0.17200000000000004,0.73,0.125,0.0031212830535240293
Brand B,46593,270,32.5,5,0.9,0.425,0.5,0.004265662223939219
Brand W,88187,436,28.0,1,0.72,0.84,0.0,0.0035560796942860056
Brand E,84484,315,23.2,2,0.528,0.5375,0.125,0.0026923441124946735
Brand X,69389,372,28.4,8,0.736,0.68,0.875,0.0038755422329187616
Brand B,98972,251,16.7,5,0.26799999999999996,0.3775,0.5,0.0018258699430141855
Brand E,56475,191,21.4,2,0.45599999999999996,0.2275,0.125,0.0024810978308986275
Brand X,86108,369,15.1,8,0.204,0.6725,0.875,0.003052329632554466
Brand C,38746,406,16.9,6,0.27599999999999997,0.765,0.625,0.007465802921591906
Brand Y,80184,100,30.6,3,0.8240000000000001,0.0,0.25,0.0009874787987628455
Brand E,77171,309,28.6,2,0.7440000000000001,0.5225,0.125,0.0029140480232211583
Brand D,88021,455,24.7,9,0.588,0.8875,1.0,0.0037026391429318007
Brand Z,77372,190,31.2,7,0.848,0.225,0.75,0.0018399420979165592
Brand D,62175,393,23.5,9,0.54,0.7325,1.0,0.004537997587454765
Brand C,90777,365,27.8,6,0.7120000000000001,0.6625,0.625,0.0029064630908710353
Brand E,56164,239,25.8,2,0.632,0.3475,0.125,0.003116587137668257
Brand D,64275,270,19.0,9,0.36,0.425,1.0,0.003029171528588098
Brand A,86236,414,33.6,4,0.9440000000000001,0.785,0.375,0.0034774340182754295
Brand Z,44930,136,16.4,7,0.25599999999999995,0.09,0.75,0.002228355219229913
Brand X,95270,349,23.9,8,0.5559999999999999,0.6225,0.875,0.0026395507504985826
Brand A,89794,199,11.3,4,0.052000000000000025,0.2475,0.375,0.0015890816758358016
Brand D,97961,138,30.0,9,0.8,0.095,1.0,0.0010779800124539358
Brand Z,85449,356,13.0,7,0.12,0.64,0.75,0.0029620007255790003
Brand X,33159,473,25.3,8,0.612,0.9325,0.875,0.010214119846798755
Brand E,60429,411,18.3,2,0.332,0.7775,0.125,0.004851809561634315
Brand Y,41836,205,13.6,3,0.144,0.2625,0.25,0.003527583899034325
Brand B,77828,494,33.8,5,0.9519999999999998,0.985,0.5,0.004573418307036028
Brand Z,32643,458,28.8,7,0.752,0.895,0.75,0.010086082774254816
Brand W,71043,170,31.2,1,0.848,0.175,0.0,0.0018067930689863883
Brand C,76510,378,26.4,6,0.6559999999999999,0.695,0.625,0.00356188733498889
Brand W,94025,172,19.6,1,0.38400000000000006,0.18,0.0,0.0013430470619516085
Brand B,77633,363,28.1,5,0.7240000000000001,0.6575,0.5,0.0033816804709337523
Brand X,74483,167,18.5,8,0.34,0.1675,0.875,0.0016439993018541141
Brand W,33916,154,28.1,1,0.7240000000000001,0.135,0.0,0.0034269961080316074
Brand D,79732,231,18.1,9,0.32400000000000007,0.3275,1.0,0.0020961470927607483
Brand E,93297,215,23.0,2,0.52,0.2875,0.125,0.0016870853296461837
Brand B,85486,222,19.2,5,0.368,0.305,0.5,0.0018852209718550402
Brand D,84866,348,16.4,9,0.25599999999999995,0.62,1.0,0.002928381212735371
Brand B,91604,148,30.2,5,0.8079999999999999,0.12,0.5,0.0012298589581240993
Brand C,60099,443,27.8,6,0.7120000000000001,0.8575,0.625,0.005298590658746401
Brand X,61679,207,28.8,8,0.752,0.2675,0.875,0.0024893399698438685
Brand X,90424,353,22.0,8,0.48,0.6325,0.875,0.0028056710607803235
Brand Z,70428,133,32.6,7,0.904,0.0825,0.75,0.0014607826432668823
Brand X,46317,300,24.9,8,0.596,0.5,0.875,0.0046952522831789625
Brand A,63079,297,31.7,4,0.868,0.4925,0.375,0.003446630415827771
Brand D,31081,251,15.5,9,0.22,0.3775,1.0,0.005802580354557447
Brand Z,97062,255,18.4,7,0.33599999999999997,0.3875,0.75,0.00189590158867528
Brand W,52316,414,10.8,1,0.03200000000000003,0.785,0.0,0.0056013456686291
Brand X,45251,115,12.0,8,0.08,0.0375,0.875,0.0018585224635919648
Brand B,68405,110,12.1,5,0.08399999999999999,0.025,0.5,0.0011787150062129961
Brand C,64068,251,28.1,6,0.7240000000000001,0.3775,0.625,0.002873977648748205
Brand W,44218,397,21.5,1,0.46,0.7425,0.0,0.006430639106246324
Brand Y,75729,107,12.1,3,0.08399999999999999,0.0175,0.25,0.0010369871515535658
Brand D,93092,107,24.8,9,0.5920000000000001,0.0175,1.0,0.0008845013534997635
Brand B,85346,158,23.5,5,0.54,0.145,0.5,0.0013785063154687974
Brand Y,38410,331,29.8,3,0.792,0.5775,0.25,0.00626503514709711
Brand B,97751,390,18.3,5,0.332,0.725,0.5,0.0028489734120367054
Brand E,85010,388,14.3,2,0.17200000000000004,0.72,0.125,0.0032453828961298667
Brand D,46301,294,32.8,9,0.9119999999999999,0.485,1.0,0.004657350813157383
Brand W,87460,344,19.0,1,0.36,0.61,0.0,0.00281843128287217
Brand W,68975,400,13.0,1,0.12,0.75,0.0,0.0041159840521928235
Brand D,75006,414,14.7,9,0.18799999999999997,0.785,1.0,0.0039224862011039115
Brand B,41238,216,32.0,5,0.88,0.29,0.5,0.0038993161647024586
Brand W,47467,473,23.5,1,0.54,0.9325,0.0,0.007123896601849706
Brand Y,44422,381,31.5,3,0.86,0.7025,0.25,0.006216514339741569
Brand Z,42930,279,11.8,7,0.07200000000000002,0.4475,0.75,0.004631726065688329
Brand D,60122,460,21.0,9,0.44,0.9,1.0,0.005460563520840957
Brand B,66154,406,29.9,5,0.7959999999999999,0.765,0.5,0.004431629228769235
Brand W,96043,478,24.9,1,0.596,0.945,0.0,0.0035616338515040134
Brand D,91652,162,22.0,9,0.48,0.155,1.0,0.0013093003971544536
Brand Y,56848,114,30.5,3,0.82,0.035,0.25,0.0015646988460455953
Brand D,50394,173,13.0,9,0.12,0.1825,1.0,0.0024804540223042426
Brand C,74128,254,29.4,6,0.7759999999999999,0.385,0.625,0.0025175372328944527
Brand C,73289,419,27.3,6,0.6920000000000001,0.7975,0.625,0.00411371419994815
Brand D,89075,237,17.7,9,0.308,0.3425,1.0,0.0019220881279820375
Brand Z,68237,222,21.8,7,0.47200000000000003,0.305,0.75,0.002373199290707387
Brand Z,58322,152,10.6,7,0.023999999999999987,0.13,0.75,0.0018788793251260242
Brand Z,72416,246,25.1,7,0.6040000000000001,0.365,0.75,0.00248191007512152
Brand B,77161,376,16.0,5,0.24,0.69,0.5,0.003473257215432667
Brand Z,30588,287,28.4,7,0.736,0.4675,0.75,0.006846475742121093
Brand Y,53590,118,26.6,3,0.664,0.045,0.25,0.0016902407165515954
Brand W,79720,131,21.6,1,0.4640000000000001,0.0775,0.0,0.0012315604616156548
Brand Y,55840,489,28.3,3,0.732,0.9725,0.25,0.0062820558739255005
Brand A,41824,346,33.8,4,0.9519999999999998,0.615,0.375,0.006033377964804896
Brand C,86170,151,27.9,6,0.716,0.1275,0.625,0.001323778577231055
Brand C,30947,255,34.9,6,0.996,0.3875,0.625,0.006106246162794455
Brand C,82804,306,20.7,6,0.428,0.515,0.625,0.002661827931017825
Brand C,95145,228,18.9,6,0.3559999999999999,0.32,0.625,0.0017370329497083396
Brand Z,65892,443,11.5,7,0.06,0.8575,0.75,0.004758544284586899
Brand Z,97905,369,17.1,7,0.28400000000000003,0.6725,0.75,0.0026906695265818906
Brand B,42487,473,22.4,5,0.49599999999999994,0.9325,0.5,0.007951137995151458
Brand B,34604,104,32.9,5,0.9159999999999999,0.01,0.5,0.0023890301699225525
Brand B,77429,448,28.2,5,0.728,0.87,0.5,0.004159423471825801
Brand C,80662,344,23.6,6,0.544,0.61,0.625,0.0030730703429123997
Brand E,30095,443,24.2,2,0.568,0.8575,0.125,0.010545273301212825
Brand Z,66724,289,11.8,7,0.07200000000000002,0.4725,0.75,0.003084946945626761
Brand E,80558,404,11.5,2,0.06,0.76,0.125,0.003553340450358747
Brand W,93145,312,33.6,1,0.9440000000000001,0.53,0.0,0.002452949702077406
Brand W,45332,453,16.0,1,0.24,0.8825,0.0,0.007100944145416041
Brand C,83604,121,13.8,6,0.15200000000000002,0.0525,0.625,0.0010626285823644801
Brand E,65186,211,25.1,2,0.6040000000000001,0.2775,0.125,0.002381339551437425
Brand Y,53694,459,27.8,3,0.7120000000000001,0.8975,0.25,0.0061392334339032285
Brand X,34062,372,27.4,8,0.696,0.68,0.875,0.007886207503963362
Brand B,34924,460,18.6,5,0.3440000000000001,0.9,0.5,0.009379796128736686
Brand Y,39514,445,28.6,3,0.7440000000000001,0.8625,0.25,0.008100420104266842
Brand Z,34110,461,20.0,7,0.4,0.9025,0.75,0.009636470243330402
Brand Z,71939,164,33.5,7,0.94,0.16,0.75,0.0017354981303604443
Brand A,40979,474,24.8,4,0.5920000000000001,0.935,0.375,0.008278386490641547
Brand Y,46958,396,15.9,3,0.23600000000000002,0.74,0.25,0.006004727628945014
Brand Z,90222,295,12.2,7,0.08799999999999997,0.4875,0.75,0.002329365343264392
Brand E,60037,374,21.3,2,0.452,0.685,0.125,0.004467078634841848
Brand W,40505,264,32.3,1,0.8919999999999999,0.41,0.0,0.0048016294284656215
Brand C,99207,357,29.4,6,0.7759999999999999,0.6425,0.625,0.00260788049230397
Brand D,88173,255,32.4,9,0.8959999999999999,0.3875,1.0,0.002134667074954918
Brand A,99860,329,11.1,4,0.043999999999999984,0.5725,0.375,0.002339575405567795
Brand X,51005,490,20.6,8,0.42400000000000004,0.975,0.875,0.006845995490638173
Brand C,34951,254,23.1,6,0.524,0.385,0.625,0.005285399559383136
Brand B,47995,165,20.1,5,0.4040000000000001,0.1625,0.5,0.0025321387644546304
Brand E,96881,190,17.2,2,0.288,0.225,0.125,0.0014260794170167525
Brand D,66715,277,30.8,9,0.8320000000000001,0.4425,1.0,0.0030448924529715956
Brand C,92372,358,18.1,6,0.32400000000000007,0.645,0.625,0.002771727363270255
Brand B,82910,272,14.3,5,0.17200000000000004,0.43,0.5,0.002348208901218188
Brand A,68562,453,28.5,4,0.74,0.8825,0.375,0.00474971558589306
Brand A,75058,129,17.2,4,0.288,0.0725,0.375,0.0012718164619361027
Brand Y,84394,366,21.9,3,0.4759999999999999,0.665,0.25,0.00311360997227291
Brand Y,78424,365,17.2,3,0.288,0.6625,0.25,0.0033237274303784554
Brand B,40786,453,11.5,5,0.06,0.8825,0.5,0.007859314470651694
Brand Z,91153,450,16.1,7,0.24400000000000005,0.875,0.75,0.0035087161146643555
Brand E,65393,461,20.5,2,0.42,0.9025,0.125,0.005028825715290627
Brand B,96597,169,13.7,5,0.14799999999999996,0.1725,0.5,0.0012672236197811527
Brand Z,64441,480,23.0,7,0.52,0.95,0.75,0.005321146475070219
Brand E,32497,389,15.2,2,0.20799999999999996,0.7225,0.125,0.008519555651290887
Brand Z,32890,118,10.6,7,0.023999999999999987,0.045,0.75,0.0026080875646093036
Brand E,73428,357,32.3,2,0.8919999999999999,0.6425,0.125,0.003535299885602222
Brand A,77592,476,19.2,4,0.368,0.94,0.375,0.004368491597071863
Brand D,45956,249,12.8,9,0.11200000000000003,0.3725,1.0,0.0038763164766298197
Brand Z,85745,264,28.4,7,0.736,0.41,0.75,0.002254592104495889
Brand W,65684,349,31.4,1,0.856,0.6225,0.0,0.003862736739540831
Brand Y,67921,180,11.7,3,0.06799999999999998,0.2,0.25,0.001906774046318517
Brand D,56212,392,33.2,9,0.9280000000000002,0.73,1.0,0.0050587063260513765
Brand Z,94740,313,32.9,7,0.9159999999999999,0.5325,0.75,0.0024168249947223983
Brand C,41184,477,26.4,6,0.6559999999999999,0.9425,0.625,0.008299825174825175
Brand D,84565,204,21.5,9,0.46,0.26,1.0,0.0017649145627623719
Brand Z,51147,232,27.4,7,0.696,0.33,0.75,0.0033358750268832967
Brand A,60738,373,21.0,4,0.44,0.6825,0.375,0.00440251572327044
Brand E,36517,281,30.3,2,0.812,0.4525,0.125,0.005635457458170167
Brand A,83928,264,21.6,4,0.4640000000000001,0.41,0.375,0.0022790963683156987
Brand X,40091,489,14.6,8,0.184,0.9725,0.875,0.008647327330323513
Brand Z,36478,205,12.7,7,0.10799999999999997,0.2625,0.75,0.0040383244695432865
Brand A,34137,183,25.6,4,0.6240000000000001,0.2075,0.375,0.003977502416732577
Brand X,52831,188,13.0,8,0.12,0.22,0.875,0.00256478204084723
Brand W,44434,143,14.9,1,0.196,0.1075,0.0,0.002353378043840302
Brand A,69895,451,23.7,4,0.5479999999999999,0.8775,0.375,0.0046184991773374345
Brand Z,32429,439,22.1,7,0.48400000000000004,0.8475,0.75,0.009680532856393967
Brand D,92467,288,11.8,9,0.07200000000000002,0.47,1.0,0.0022185212021586078
Brand X,48089,141,19.3,8,0.37200000000000005,0.1025,0.875,0.002172846181039323
Brand B,75505,198,18.2,5,0.32799999999999996,0.245,0.5,0.001907953115687703
Brand C,67980,168,19.1,6,0.36400000000000005,0.17,0.625,0.0018142100617828773
Brand W,83066,371,12.8,1,0.11200000000000003,0.6775,0.0,0.003172657886499891
Brand W,66320,277,25.5,1,0.62,0.4425,0.0,0.0030390530759951745
Brand A,80998,123,22.1,4,0.48400000000000004,0.0575,0.375,0.001144843082545248
Brand Y,90173,459,14.1,3,0.16399999999999998,0.8975,0.25,0.0036100606611735218
Brand A,58300,266,34.5,4,0.98,0.415,0.375,0.003371355060034305
Brand Y,93846,487,31.8,3,0.872,0.9675,0.25,0.0037342028429554804
Brand D,94707,459,24.0,9,0.56,0.8975,1.0,0.003468592606671101
Brand A,59802,381,27.5,4,0.7,0.7025,0.375,0.00459767231865155
Brand W,38355,434,20.9,1,0.43599999999999994,0.835,0.0,0.008084213270760003
Brand A,62010,389,31.4,4,0.856,0.7225,0.375,0.0045431382035155616
Brand W,94323,393,16.9,1,0.27599999999999997,0.7325,0.0,0.002970325371330428
Brand A,85433,362,14.7,4,0.18799999999999997,0.655,0.375,0.0030176863741177297
Brand W,59917,317,30.1,1,0.804,0.5425,0.0,0.003854164928150608
Brand W,44468,450,29.4,1,0.7759999999999999,0.875,0.0,0.007282090492039219
Brand B,79601,311,13.6,5,0.144,0.5275,0.5,0.0027861459026896646
Brand E,66341,481,31.5,2,0.86,0.9525,0.125,0.0052177386533214755
Brand Y,38565,273,31.4,3,0.856,0.4325,0.25,0.00519953325554259
Brand B,72454,235,30.7,5,0.828,0.3375,0.5,0.0023975211858558534
Brand E,58386,436,33.9,2,0.956,0.84,0.125,0.005401466104888158
Brand X,70842,360,30.2,8,0.8079999999999999,0.65,0.875,0.0036851020581011255
Brand A,54823,219,23.2,4,0.528,0.2975,0.375,0.0029232256534666105
Brand C,36700,124,22.2,6,0.488,0.06,0.625,0.002546594005449591
Brand Z,65160,231,31.8,7,0.872,0.3275,0.75,0.002627992633517495
Brand Z,85741,262,17.6,7,0.30400000000000005,0.405,0.75,0.0022005808189780847
Brand Z,59956,108,27.7,7,0.708,0.02,0.75,0.0013995263193008205
Brand Z,52695,402,25.7,7,0.628,0.755,0.75,0.005486478793054369
Brand Y,59104,182,13.5,3,0.14,0.205,0.25,0.0022240457498646452
Brand C,58018,275,33.8,6,0.9519999999999998,0.4375,0.625,0.003492709159226447
Brand Y,83105,213,20.6,3,0.42400000000000004,0.2825,0.25,0.0018684796341977017
Brand W,57816,357,23.2,1,0.528,0.6425,0.0,0.004442714819427147
Brand A,61036,140,24.2,4,0.568,0.1,0.375,0.0017245559997378598
Brand C,81433,182,23.7,6,0.5479999999999999,0.205,0.625,0.0016517873589331105
Brand Z,42021,297,32.1,7,0.884,0.4925,0.75,0.005176697365602913
Brand X,82015,384,28.9,8,0.7559999999999999,0.71,0.875,0.0033831616167774186
Brand E,92423,398,18.9,2,0.3559999999999999,0.745,0.125,0.003075749542862707
Brand E,44282,496,12.5,2,0.1,0.99,0.125,0.007925342125468587
Brand B,59084,392,33.7,5,0.9480000000000001,0.73,0.5,0.004815347640647214
Brand C,53285,498,19.8,6,0.392,0.995,0.625,0.006653654874730223
Brand C,32263,311,13.5,6,0.14,0.5275,0.625,0.006873198400644701
Brand X,54647,268,22.6,8,0.504,0.42,0.875,0.00355701136384431
Brand Z,83292,400,14.7,7,0.18799999999999997,0.75,0.75,0.0034146136483695915
Brand C,53035,332,20.1,6,0.4040000000000001,0.58,0.625,0.0044957103799377765
Brand A,31857,440,20.6,4,0.42400000000000004,0.85,0.375,0.009862196691464984
Brand Y,44968,260,13.9,3,0.15600000000000003,0.4,0.25,0.0041400551503291225
Brand D,52948,480,31.8,9,0.872,0.95,1.0,0.006526025534486666
Brand Z,40223,336,33.9,7,0.956,0.59,0.75,0.006100241155557765
Brand D,86558,239,12.7,9,0.10799999999999997,0.3475,1.0,0.0019768247880034193
Brand W,98158,385,11.3,1,0.052000000000000025,0.7125,0.0,0.002780109619185395
Brand X,76603,464,33.4,8,0.9359999999999999,0.91,0.875,0.004370847094761301
Brand E,43802,253,12.0,2,0.08,0.3825,0.125,0.0041253824026300165
Brand D,97978,345,13.3,9,0.13200000000000003,0.6125,1.0,0.002505562473208271
Brand W,85551,469,15.2,1,0.20799999999999996,0.9225,0.0,0.003890778599899475
Brand Z,30660,165,33.3,7,0.9319999999999999,0.1625,0.75,0.004092954990215263
Brand W,36129,112,25.6,1,0.6240000000000001,0.03,0.0,0.002382573555869246
Brand D,83483,259,32.3,9,0.8919999999999999,0.3975,1.0,0.0022877711629912673
Brand D,60197,273,32.9,9,0.9159999999999999,0.4325,1.0,0.0033385384653720285
Brand Y,54940,369,24.3,3,0.5720000000000001,0.6725,0.25,0.0048341827448125235
Brand B,43593,155,21.3,5,0.452,0.1375,0.5,0.0026355148762415986
Brand A,42924,351,19.6,4,0.38400000000000006,0.6275,0.375,0.00586105675146771
Brand D,94263,155,13.6,9,0.144,0.1375,1.0,0.001194318025099986
Brand E,55052,302,26.5,2,0.66,0.505,0.125,0.003984414735159485
Brand C,81771,259,25.6,6,0.6240000000000001,0.3975,0.625,0.0023110882831321616
Brand C,87282,279,18.1,6,0.32400000000000007,0.4475,0.625,0.0022997868976421254
Brand Z,75810,318,21.9,7,0.4759999999999999,0.545,0.75,0.0030229521171349426
Brand Y,55549,301,28.1,3,0.7240000000000001,0.5025,0.25,0.003944805487047472
Brand Z,89167,401,22.2,7,0.488,0.7525,0.75,0.0032227169244227125
Brand B,35427,458,10.9,5,0.03600000000000001,0.895,0.5,0.009141897422869562
Brand B,43226,331,30.3,5,0.812,0.5775,0.5,0.005570489982880673
Brand C,87089,244,17.6,6,0.30400000000000005,0.36,0.625,0.002021839727175648
Brand B,76666,206,34.2,5,0.9680000000000001,0.265,0.5,0.0020147131714188817
Brand W,43873,101,16.3,1,0.252,0.0025,0.0,0.001722927540856563
Brand Y,40489,362,12.7,3,0.10799999999999997,0.655,0.25,0.006352589592234927
Brand W,33376,399,19.6,1,0.38400000000000006,0.7475,0.0,0.00854446308724832
Brand A,47583,117,19.9,4,0.39599999999999996,0.0425,0.375,0.001846667927621209
Brand W,37124,233,32.3,1,0.8919999999999999,0.3325,0.0,0.004654401465359336
Brand Z,79096,435,11.0,7,0.04,0.8375,0.75,0.0038914736522706584
Brand W,90471,230,28.1,1,0.7240000000000001,0.325,0.0,0.0018727548054072577
Brand C,33751,204,14.1,6,0.16399999999999998,0.26,0.625,0.004356315368433527
Brand W,36621,200,14.2,1,0.16799999999999998,0.25,0.0,0.003939269817864067
Brand E,60993,182,29.5,2,0.78,0.205,0.125,0.002233862902300264
Brand D,31850,228,15.6,9,0.22399999999999998,0.32,1.0,0.005157927786499215
Brand Y,43658,105,25.1,3,0.6040000000000001,0.0125,0.25,0.001856017224792707
Brand E,64735,497,29.8,2,0.792,0.9925,0.125,0.0055123194562446895
Brand B,94842,458,18.6,5,0.3440000000000001,0.895,0.5,0.0034391936062082196
Brand X,42909,431,15.2,8,0.20799999999999996,0.8275,0.875,0.007137430375911813
Brand B,61557,427,22.7,5,0.508,0.8175,0.5,0.004966291404714329
Brand A,90233,416,19.7,4,0.38799999999999996,0.79,0.375,0.0032926977934901866
Brand D,32535,311,28.1,9,0.7240000000000001,0.5275,1.0,0.006950361149531274
Brand W,30554,140,29.7,1,0.7879999999999999,0.1,0.0,0.003499050860771094
Brand Z,89387,305,34.4,7,0.976,0.5125,0.75,0.0025039435264635796
Brand E,69573,163,26.9,2,0.6759999999999999,0.1575,0.125,0.0017559972978023082
Brand Z,89570,328,21.2,7,0.44799999999999995,0.57,0.75,0.0026343641844367533
Brand B,43003,428,27.5,5,0.7,0.82,0.5,0.007158802874218077
Brand A,30690,368,29.4,4,0.7759999999999999,0.67,0.375,0.00868100358422939
Brand C,42398,389,13.9,6,0.15600000000000003,0.7225,0.625,0.006520826454078022
Brand A,94948,331,17.1,4,0.28400000000000003,0.5775,0.375,0.0024943126764123517
Brand Z,40921,326,15.4,7,0.21600000000000003,0.565,0.75,0.005689499279098751
Brand Z,95156,320,23.8,7,0.552,0.55,0.75,0.0024290638530413216
Brand Z,43136,240,16.3,7,0.252,0.35,0.75,0.004008021142433234
Brand X,60960,196,19.7,8,0.38799999999999996,0.24,0.875,0.00234760498687664
Brand Z,94125,182,20.5,7,0.42,0.205,0.75,0.0014188579017264274
Brand X,95901,225,28.9,8,0.7559999999999999,0.3125,0.875,0.0017327243720086337
Brand Y,32801,366,13.9,3,0.15600000000000003,0.665,0.25,0.007937867747934514
Brand W,36445,332,20.1,1,0.4040000000000001,0.58,0.0,0.006542186856907668
Brand C,32929,101,11.8,6,0.07200000000000002,0.0025,0.625,0.0022545476631540586
Brand X,65531,470,23.6,8,0.544,0.925,0.875,0.005128565106590773
Brand C,68116,148,27.9,6,0.716,0.12,0.625,0.001643813494626813
Brand Y,69421,108,21.8,3,0.47200000000000003,0.02,0.25,0.0011832154535371142
Brand E,56169,412,26.1,2,0.644,0.78,0.125,0.005273905535081628
Brand C,75646,128,27.2,6,0.688,0.07,0.625,0.0012923353515056975
Brand Y,35355,363,11.7,3,0.06799999999999998,0.6575,0.25,0.007286380992787442
Brand Z,81405,463,10.6,7,0.023999999999999987,0.9075,0.75,0.004020391867821387
Brand Y,50812,211,22.2,3,0.488,0.2775,0.25,0.003037865071243013
Brand B,53564,371,25.3,5,0.612,0.6775,0.5,0.0049901052946008505
Brand Z,89107,310,10.7,7,0.027999999999999973,0.525,0.75,0.002471298551180042
Brand W,74280,403,10.5,1,0.02,0.7575,0.0,0.0038401992460958528
Brand A,94593,470,22.4,4,0.49599999999999994,0.925,0.375,0.00354909982768281
Brand D,52875,383,31.2,9,0.848,0.7075,1.0,0.0052474704491725765
Brand D,95508,158,34.3,9,0.9719999999999999,0.145,1.0,0.0012657578422749925
Brand C,47880,439,22.1,6,0.48400000000000004,0.8475,0.625,0.006556599832915622
Brand C,72948,476,24.2,6,0.568,0.94,0.625,0.004667160168887427
Brand Y,46502,178,26.1,3,0.644,0.195,0.25,0.0028478345017418608
Brand X,91149,293,23.1,8,0.524,0.4825,0.875,0.002326191181472095
Brand A,30395,179,16.0,4,0.24,0.1975,0.375,0.004280309261391676
Brand D,78703,253,17.6,9,0.30400000000000005,0.3825,1.0,0.0023173195430923853
Brand W,39284,357,33.5,1,0.94,0.6425,0.0,0.00661719784136035
Brand D,89694,325,22.9,9,0.5159999999999999,0.5625,1.0,0.0026129952951145
Brand W,95159,440,19.5,1,0.38,0.85,0.0,0.003298164125306067
Brand A,35612,119,22.8,4,0.512,0.0475,0.375,0.0025311692687858024
Brand Y,85586,341,19.8,3,0.392,0.6025,0.25,0.0028584114224289017
Brand C,33808,347,10.3,6,0.012000000000000028,0.6175,0.625,0.007276088499763369
Brand C,42724,153,23.2,6,0.528,0.1325,0.625,0.0026696938488905532
Brand E,88028,414,33.2,2,0.9280000000000002,0.785,0.125,0.0034052801381378645
Brand W,81010,462,27.5,1,0.7,0.905,0.0,0.004093939019874089
Brand E,45484,443,26.8,2,0.672,0.8575,0.125,0.006994547533198487
Brand B,53221,148,30.4,5,0.816,0.12,0.5,0.0021179609552620204
Brand W,98812,130,17.9,1,0.31599999999999995,0.075,0.0,0.0009752864024612396
Brand Z,33076,369,30.9,7,0.836,0.6725,0.75,0.008089551336316362
Brand X,41069,278,20.8,8,0.43200000000000005,0.445,0.875,0.004890306557257299
Brand C,75601,175,23.5,6,0.54,0.1875,0.625,0.0017136016719355562
Brand D,87429,268,30.8,9,0.8320000000000001,0.42,1.0,0.002251426872090496
Brand Z,70153,437,32.5,7,0.9,0.8425,0.75,0.004499451199521046
Brand Y,30317,173,14.7,3,0.18799999999999997,0.1825,0.25,0.004139921496190256
Brand W,70037,488,12.0,1,0.08,0.97,0.0,0.004928823336236561
Brand E,86836,325,30.5,2,0.82,0.5625,0.125,0.002725252199548574
Brand A,40156,367,20.0,4,0.4,0.6675,0.375,0.006546966829365474
Brand A,38247,339,29.7,4,0.7879999999999999,0.5975,0.375,0.0064373676366773856
Brand Z,30577,119,31.3,7,0.852,0.0475,0.75,0.003031363443110835
Brand D,46022,337,30.0,9,0.8,0.5925,1.0,0.005321368041371517
Brand Z,83741,396,33.7,7,0.9480000000000001,0.74,0.75,0.0034309358617642493
Brand D,95303,163,13.0,9,0.12,0.1575,1.0,0.0012381561965520498
Brand W,49245,375,28.9,1,0.7559999999999999,0.6875,0.0,0.005506548888212001
Brand Y,80830,456,22.5,3,0.5,0.89,0.25,0.004032537424223679
Brand Z,31644,231,14.8,7,0.19200000000000003,0.3275,0.75,0.005250284414106939
Brand X,80945,205,31.8,8,0.872,0.2625,0.875,0.0018906665019457656
Brand X,32776,474,21.9,8,0.4759999999999999,0.935,0.875,0.010323712472540882
Brand C,52820,245,11.1,6,0.043999999999999984,0.3625,0.625,0.0033099204846649
Brand W,42066,141,28.9,1,0.7559999999999999,0.1025,0.0,0.002552417629439452
Brand Z,37993,256,21.1,7,0.44400000000000006,0.39,0.75,0.004883267970415603
Brand C,77087,193,14.1,6,0.16399999999999998,0.2325,0.625,0.0018074383488785395
Brand D,98445,299,22.8,9,0.512,0.4975,1.0,0.002195540657219767
Brand E,62535,348,17.2,2,0.288,0.62,0.125,0.003977932357879587
Brand W,48330,238,18.5,1,0.34,0.345,0.0,0.0035619697910200705
Brand Z,51536,346,13.1,7,0.12399999999999999,0.615,0.75,0.004775884818379385
Brand X,80748,117,12.0,8,0.08,0.0425,0.875,0.0010588497547926881
Brand E,83003,132,25.0,2,0.6,0.08,0.125,0.001203570955266677
Brand A,63152,264,33.9,4,0.956,0.41,0.375,0.0030873131492272607
Brand A,92534,489,20.8,4,0.43200000000000005,0.9725,0.375,0.003766615514297447
Brand Z,48485,300,23.7,7,0.5479999999999999,0.5,0.75,0.004477879756625761
Brand B,51695,473,23.5,5,0.54,0.9325,0.5,0.0065412515717187345
Brand D,94262,276,15.6,9,0.22399999999999998,0.44,1.0,0.00209925526723388
Brand W,54302,310,14.7,1,0.18799999999999997,0.525,0.0,0.004077382048543332
Brand W,33541,464,26.0,1,0.64,0.91,0.0,0.00991622193733043
Brand B,76370,321,22.3,5,0.49200000000000005,0.5525,0.5,0.0030298546549692284
Brand A,62377,201,13.5,4,0.14,0.2525,0.375,0.002320566875611203
Brand E,32154,226,16.0,2,0.24,0.315,0.125,0.005069353735149593
Brand D,99375,409,33.1,9,0.924,0.7725,1.0,0.0029809308176100627
Brand E,60987,353,19.7,2,0.38799999999999996,0.6325,0.125,0.004148589043566662
Brand D,38923,186,15.8,9,0.23200000000000004,0.215,1.0,0.0034668447961359607
Brand W,57825,367,10.8,1,0.03200000000000003,0.6675,0.0,0.004498746217034154
Brand B,57595,258,13.6,5,0.144,0.395,0.5,0.0032065283444743468
Brand B,88810,227,17.9,5,0.31599999999999995,0.3175,0.5,0.0018496790901925456
Brand D,30077,466,32.2,9,0.8880000000000001,0.915,1.0,0.011166672207999469
Brand A,39055,221,23.4,4,0.5359999999999999,0.3025,0.375,0.004140827038791448
Brand Y,43856,328,19.0,3,0.36,0.57,0.25,0.0053652863918278
Brand B,70557,265,32.6,5,0.904,0.4125,0.5,0.002767691370097935
Brand D,50882,451,13.2,9,0.12799999999999997,0.8775,1.0,0.006282378837309853
Brand W,77166,212,12.0,1,0.08,0.28,0.0,0.001969779436539408
Brand B,58697,204,22.0,5,0.48,0.26,0.5,0.0025452748862803886
Brand A,59736,152,20.3,4,0.41200000000000003,0.13,0.375,0.001883119057184947
Brand X,61560,123,20.8,8,0.43200000000000005,0.0575,0.875,0.0014999999999999998
Brand Z,60347,149,24.7,7,0.588,0.1225,0.75,0.0018511276451190614
Brand C,92963,209,32.7,6,0.9080000000000001,0.2725,0.625,0.0016792702473026901
Brand X,30241,313,21.2,8,0.44799999999999995,0.5325,0.875,0.0074554412883171845
Brand X,78932,210,20.0,8,0.4,0.275,0.875,0.0019383773374550247
Brand C,51628,365,20.4,6,0.4159999999999999,0.6625,0.625,0.005067405283954442
Brand D,58097,254,14.8,9,0.19200000000000003,0.385,1.0,0.0031368228996333713
Brand C,51137,440,15.4,6,0.21600000000000003,0.85,0.625,0.006113381700138843
Brand C,70182,443,29.6,6,0.784,0.8575,0.625,0.004545040038756376
Brand D,96922,218,22.0,9,0.48,0.295,1.0,0.0016425579331833845
Brand X,89813,416,11.7,8,0.06799999999999998,0.79,0.875,0.0032813735205371158
Brand X,34748,258,29.4,8,0.7759999999999999,0.395,0.875,0.005451248992747784
Brand X,66956,367,18.7,8,0.348,0.6675,0.875,0.003920634446502181
Brand A,90023,113,30.7,4,0.828,0.0325,0.375,0.000980971529498017
Brand W,34783,381,33.9,1,0.956,0.7025,0.0,0.007959922950866803
Brand A,37044,193,22.5,4,0.5,0.2325,0.375,0.0038292301047403087
Brand X,82837,323,34.2,8,0.9680000000000001,0.5575,0.875,0.0028533143402102923
Brand C,86844,215,19.5,6,0.38,0.2875,0.625,0.0018003546589286537
Brand X,57635,443,31.2,8,0.848,0.8575,0.875,0.005542812527110263
Brand W,53840,266,12.2,1,0.08799999999999997,0.415,0.0,0.0035263744427934617
Brand Y,74574,281,23.0,3,0.52,0.4525,0.25,0.002730174055300775
Brand E,65792,458,12.2,2,0.08799999999999997,0.895,0.125,0.004928562743190661
Brand C,60113,187,30.3,6,0.812,0.2175,0.625,0.0023287807961672184
Brand B,68853,283,10.2,5,0.007999999999999972,0.4575,0.5,0.0029215865684864856
Brand B,65397,156,11.3,5,0.052000000000000025,0.14,0.5,0.001721638607275563
Brand B,80912,292,16.6,5,0.26400000000000007,0.48,0.5,0.0025877496539450265
Brand Y,34349,174,30.4,3,0.816,0.185,0.25,0.003811464671460595
Brand A,88255,327,26.3,4,0.652,0.5675,0.375,0.0026830207920231146
Brand D,88467,484,29.1,9,0.764,0.96,1.0,0.0039283574666259735
Brand W,51826,272,20.5,1,0.42,0.43,0.0,0.003792497973989889
Brand E,68039,403,10.2,2,0.007999999999999972,0.7575,0.125,0.004191125677920016
Brand X,92850,160,27.8,8,0.7120000000000001,0.15,0.875,0.001296068928379106
Brand Z,33157,497,12.9,7,0.11600000000000002,0.9925,0.75,0.010609222788551436
Brand Y,30015,454,11.4,3,0.056000000000000015,0.885,0.25,0.01070198234216225
Brand W,64585,425,12.4,1,0.09600000000000002,0.8125,0.0,0.00466393125338701
Brand E,44803,279,11.5,2,0.06,0.4475,0.125,0.004436086869182867
Brand Y,75020,272,17.1,3,0.28400000000000003,0.43,0.25,0.0026063716342308715
Brand W,40694,109,29.7,1,0.7879999999999999,0.0225,0.0,0.0020939204796775936
Brand B,88455,138,25.7,5,0.628,0.095,0.5,0.0011792436832287602
Brand C,51575,203,33.2,6,0.9280000000000002,0.2575,0.625,0.002948327678138633
Brand Y,60904,299,22.3,3,0.49200000000000005,0.4975,0.25,0.003546400893208984
Brand A,99201,336,12.0,4,0.08,0.59,0.375,0.0024072337980463906
Brand Z,70636,327,21.4,7,0.45599999999999996,0.5675,0.75,0.0033314457217282966
Brand Z,51770,428,28.4,7,0.736,0.82,0.75,0.005951709484257291
Brand Y,73219,282,21.0,3,0.44,0.455,0.25,0.0027820647646102786
Brand X,45476,275,28.9,8,0.7559999999999999,0.4375,0.875,0.004423652036238895
Brand Y,67784,452,16.2,3,0.24799999999999997,0.88,0.25,0.0047394665407765844
Brand Z,61701,373,11.2,7,0.04799999999999997,0.6825,0.75,0.004286154195231843
Brand E,40682,218,16.6,2,0.26400000000000007,0.295,0.125,0.0038734575487930777
Brand W,50728,276,22.1,1,0.48400000000000004,0.44,0.0,0.003939244598643747
Brand E,56839,452,25.7,2,0.628,0.88,0.125,0.005702246696810288
Brand D,40933,406,21.2,9,0.44799999999999995,0.765,1.0,0.007098429140302446
Brand W,95399,405,23.1,1,0.524,0.7625,0.0,0.0030443715342928124
Brand X,92477,112,17.7,8,0.308,0.03,0.875,0.000905198049244677
Brand D,68464,359,27.3,9,0.6920000000000001,0.6475,1.0,0.0037901670951156815
Brand Y,72270,220,12.1,3,0.08399999999999999,0.3,0.25,0.002181126331811263
Brand Y,37572,389,33.3,3,0.9319999999999999,0.7225,0.25,0.007513307782391142
Brand D,38307,277,16.3,9,0.252,0.4425,1.0,0.005189390972929229
Brand A,86697,152,18.1,4,0.32400000000000007,0.13,0.375,0.0012898946907044073
Brand B,82695,186,28.2,5,0.728,0.215,0.5,0.001676764012334482
Brand D,44691,135,30.4,9,0.816,0.0875,1.0,0.0023185876350943144
Brand B,49065,479,18.9,5,0.3559999999999999,0.9475,0.5,0.006949352899215326
Brand E,61524,367,23.2,2,0.528,0.6675,0.125,0.004288732852220271
Brand B,74927,447,18.9,5,0.3559999999999999,0.8675,0.5,0.0042517383586691045
Brand E,48120,318,34.2,2,0.9680000000000001,0.545,0.125,0.004839152119700748
Brand Y,51796,278,26.5,3,0.66,0.445,0.25,0.00391053363194069
Brand W,78504,338,15.8,1,0.23200000000000004,0.595,0.0,0.0030742382553755223
Brand Z,90434,173,29.0,7,0.76,0.1825,0.75,0.0014353008824114822
Brand D,61833,172,16.5,9,0.26,0.18,1.0,0.002027234648165219
Brand C,96726,428,22.2,6,0.488,0.82,0.625,0.003166263465872671
Brand B,44983,291,21.3,5,0.452,0.4775,0.5,0.004670431051730654
Brand X,78877,456,30.7,8,0.828,0.89,0.875,0.004163571129733636
Brand Y,36861,159,10.4,3,0.016000000000000014,0.1475,0.25,0.0031040937576300156
Brand D,36986,103,19.0,9,0.36,0.0075,1.0,0.0021034986210998756
Brand D,93982,289,28.9,9,0.7559999999999999,0.4725,1.0,0.0022447915558298395
Brand E,61230,445,26.7,2,0.6679999999999999,0.8625,0.125,0.005218193695900702
Brand D,71454,332,23.8,9,0.552,0.58,1.0,0.0033523665575055277
Brand C,45576,340,33.7,6,0.9480000000000001,0.6,0.625,0.005443873968755485
Brand A,88467,164,10.9,4,0.03600000000000001,0.16,0.375,0.00133462194942747
Brand B,64003,107,16.3,5,0.252,0.0175,0.5,0.0012466603127978375
Brand A,93621,206,11.3,4,0.052000000000000025,0.265,0.375,0.001576462545796349
Brand Z,88606,257,14.3,7,0.17200000000000004,0.3925,0.75,0.002078753131842087
Brand D,64231,242,29.6,9,0.784,0.355,1.0,0.0027756067942270863
Brand X,83957,223,34.0,8,0.96,0.3075,0.875,0.0019807758733637456
Brand D,33612,423,22.5,9,0.5,0.8075,1.0,0.009010174937522313
Brand E,54927,429,24.0,2,0.56,0.8225,0.125,0.00559833961439729
Brand C,66397,406,28.6,6,0.7440000000000001,0.765,0.625,0.0044095365754476855
Brand W,75506,136,10.8,1,0.03200000000000003,0.09,0.0,0.001303737451328371
Brand W,88751,277,12.8,1,0.11200000000000003,0.4425,0.0,0.0022280312334508907
Brand B,87767,223,33.0,5,0.92,0.3075,0.5,0.0018913714721934213
Brand Y,59588,455,28.8,3,0.752,0.8875,0.25,0.005490031549976505
Brand D,52079,328,25.8,9,0.632,0.57,1.0,0.004557307167956374
Brand W,53675,190,13.2,1,0.12799999999999997,0.225,0.0,0.002551653469958081
Brand A,83519,258,12.2,4,0.08799999999999997,0.395,0.375,0.002206204576204217
Brand C,92287,498,18.1,6,0.32400000000000007,0.995,0.625,0.0038361849447917907
Brand A,62867,481,19.8,4,0.392,0.9525,0.375,0.005450236212957513
Brand W,65478,379,17.8,1,0.31200000000000006,0.6975,0.0,0.004133296679800849
Brand X,95611,391,28.7,8,0.748,0.7275,0.875,0.002952693727709155
Brand E,63602,397,23.8,2,0.552,0.7425,0.125,0.004481620074840413
Brand E,82529,354,25.3,2,0.612,0.635,0.125,0.0030945485829223665
Brand D,37682,318,17.1,9,0.28400000000000003,0.545,1.0,0.006043469030306246
Brand Z,53418,463,15.7,7,0.22799999999999998,0.9075,0.75,0.006155415777453292
Brand E,47927,177,26.8,2,0.672,0.1925,0.125,0.0027529367579861037
Brand E,84376,276,19.5,2,0.38,0.44,0.125,0.002359083151607092
Brand X,33492,255,17.1,8,0.28400000000000003,0.3875,0.875,0.005482801863131494
Brand A,83794,461,16.4,4,0.25599999999999995,0.9025,0.375,0.003909826479222856
Brand B,99691,303,10.4,5,0.016000000000000014,0.5075,0.5,0.0021588709111153466
Brand B,64198,483,18.7,5,0.348,0.9575,0.5,0.005353905106078071
Brand B,66190,349,31.1,5,0.8440000000000001,0.6225,0.5,0.0038318477111346123
Brand Y,89715,218,19.9,3,0.39599999999999996,0.295,0.25,0.0017674859276598114
Brand D,66847,421,23.1,9,0.524,0.8025,1.0,0.004512244378954927
Brand B,97763,344,26.8,5,0.672,0.61,0.5,0.002545339238771314
Brand C,54775,415,32.8,6,0.9119999999999999,0.7875,0.625,0.005483158375171155
Brand Y,79600,206,10.8,3,0.03200000000000003,0.265,0.25,0.0018522613065326632
Brand Z,52573,198,14.5,7,0.18,0.245,0.75,0.0027190763319574684
Brand C,67271,296,14.5,6,0.18,0.49,0.625,0.0031447429055610886
Brand D,78303,256,17.7,9,0.308,0.39,1.0,0.0023563592710368693
Brand E,80507,159,11.9,2,0.07600000000000001,0.1475,0.125,0.0014268324493522302
Brand B,74292,394,15.1,5,0.204,0.735,0.5,0.0037733537931405794
Brand C,68704,365,29.5,6,0.78,0.6625,0.625,0.0038476653469958076
Brand W,31065,182,34.1,1,0.9640000000000001,0.205,0.0,0.00443038789634637
Brand B,37003,349,25.8,5,0.632,0.6225,0.5,0.006811339621111801
Brand Z,81286,439,27.5,7,0.7,0.8475,0.75,0.0038819722953522128
Brand C,74635,287,26.9,6,0.6759999999999999,0.4675,0.625,0.002799892811683526
Brand W,32424,381,31.5,1,0.86,0.7025,0.0,0.008516839378238342
Brand W,49313,462,27.6,1,0.7040000000000001,0.905,0.0,0.006726015452314805
Brand B,34352,115,23.7,5,0.5479999999999999,0.0375,0.5,0.0025503609687936657
Brand X,55315,328,19.6,8,0.38400000000000006,0.57,0.875,0.004257073126638344
Brand C,94752,497,16.9,6,0.27599999999999997,0.9925,0.625,0.003725198412698412
Brand C,37087,364,21.1,6,0.44400000000000006,0.66,0.625,0.007041011675250087
Brand Z,79714,232,14.9,7,0.196,0.33,0.75,0.0020933587575582705
Brand X,71018,391,33.6,8,0.9440000000000001,0.7275,0.875,0.003995888366329662
Brand E,86444,223,18.6,2,0.3440000000000001,0.3075,0.125,0.0018703438063948916
Brand A,55010,406,16.3,4,0.252,0.765,0.375,0.00525522632248682
Brand Z,58372,136,10.0,7,0.0,0.09,0.75,0.0016823134379497016
Brand C,87363,376,10.4,6,0.016000000000000014,0.69,0.625,0.003048430113434749
Brand W,90202,182,28.9,1,0.7559999999999999,0.205,0.0,0.0015085031374027183
Brand E,46663,389,15.0,2,0.2,0.7225,0.125,0.005931894648865267
Brand W,64526,359,29.5,1,0.78,0.6475,0.0,0.004031708148653256
Brand X,42717,498,27.5,8,0.7,0.995,0.875,0.0083538169815296
Brand B,42957,479,26.8,5,0.672,0.9475,0.5,0.007992643806597295
Brand W,61811,155,21.0,1,0.44,0.1375,0.0,0.0018572745951367878
Brand Y,93254,350,16.8,3,0.272,0.625,0.25,0.00268127908722414
Brand B,71563,368,24.9,5,0.596,0.67,0.5,0.003704009054958567
Brand C,42784,242,33.3,6,0.9319999999999999,0.355,0.625,0.00419292258788332
Brand E,61820,207,11.0,2,0.04,0.2675,0.125,0.0023972824328696214
Brand B,39125,303,14.5,5,0.18,0.5075,0.5,0.0055322683706070285
Brand A,34868,282,15.0,4,0.2,0.455,0.375,0.005790409544568085
Brand Z,39096,444,27.9,7,0.716,0.86,0.75,0.008163750767341927
Brand W,38304,477,22.7,1,0.508,0.9425,0.0,0.008894893483709273
Brand A,94724,371,28.9,4,0.7559999999999999,0.6775,0.375,0.002833178497529665
Brand Z,63328,301,24.5,7,0.58,0.5025,0.75,0.003443184689236988
Brand Z,98965,188,23.6,7,0.544,0.22,0.75,0.001401303491133229
Brand C,93532,138,16.5,6,0.26,0.095,0.625,0.0010857246717700894
Brand Y,68051,476,12.5,3,0.1,0.94,0.25,0.004951433483710746
Brand D,31937,362,23.7,9,0.5479999999999999,0.655,1.0,0.008156996587030717
Brand Z,98901,269,28.0,7,0.72,0.4225,0.75,0.0019888575444131
Brand D,59524,449,15.9,9,0.23600000000000002,0.8725,1.0,0.005360358846851689
Brand E,56793,322,12.4,2,0.09600000000000002,0.555,0.125,0.00403430000176078
Brand A,55210,487,15.6,4,0.22399999999999998,0.9675,0.375,0.006259373301938055
Brand W,65947,210,13.2,1,0.12799999999999997,0.275,0.0,0.002289110952734772
Brand Z,98835,313,17.9,7,0.31599999999999995,0.5325,0.75,0.0022711590023777
Brand Z,45482,496,34.8,7,0.9919999999999999,0.99,0.75,0.007863330548348797
Brand Z,37148,239,18.1,7,0.32400000000000007,0.3475,0.75,0.004649779261333046
Brand W,78009,129,12.7,1,0.10799999999999997,0.0725,0.0,0.0012063992616236589
Brand D,35049,413,29.9,9,0.7959999999999999,0.7825,1.0,0.008504379582869695
Brand B,98465,238,27.2,5,0.688,0.345,0.5,0.0017748438531457876
Brand E,35531,315,16.2,2,0.24799999999999997,0.5375,0.125,0.00634263037910557
Brand Z,54716,179,22.5,7,0.5,0.1975,0.75,0.002413370860443015
Brand D,34334,242,25.9,9,0.6359999999999999,0.355,1.0,0.00516019106425118
Brand B,54299,357,12.2,5,0.08799999999999997,0.6425,0.5,0.004669699257813219
Brand X,70498,257,26.2,8,0.648,0.3925,0.875,0.002663337967034526
Brand Z,41568,420,26.7,7,0.6679999999999999,0.8,0.75,0.0072654445727482675
Brand W,48819,373,13.1,1,0.12399999999999999,0.6825,0.0,0.005428828939552223
Brand W,84934,159,25.8,1,0.632,0.1475,0.0,0.001401558857465797
Brand E,65785,394,31.3,2,0.852,0.735,0.125,0.004335182792429885
Brand B,60060,197,11.7,5,0.06799999999999998,0.2425,0.5,0.002354478854478854
Brand Y,75405,205,28.8,3,0.752,0.2625,0.25,0.002017638087659969
Brand Z,61560,135,18.3,7,0.332,0.0875,0.75,0.0016242690058479532
Brand E,69897,142,13.7,2,0.14799999999999996,0.105,0.125,0.0014808933144484025
Brand C,35176,157,28.6,6,0.7440000000000001,0.1425,0.625,0.003368205594723675
Brand A,48971,334,20.1,4,0.4040000000000001,0.585,0.375,0.004897388250188887
Brand Y,46983,428,22.8,3,0.512,0.82,0.25,0.006522359151182341
Brand W,58648,348,34.3,1,0.9719999999999999,0.62,0.0,0.004329047878870549
Brand B,42948,255,26.3,5,0.652,0.3875,0.5,0.004339899413243923
Brand W,57769,410,22.0,1,0.48,0.775,0.0,0.005082310581799927
Brand Y,99650,249,24.4,3,0.576,0.3725,0.25,0.0018225790265930756
Brand B,86107,289,15.5,5,0.22,0.4725,0.5,0.002403405065790238
Brand A,42266,240,29.5,4,0.78,0.35,0.375,0.004184214262054607
Brand D,73219,258,15.4,9,0.21600000000000003,0.395,1.0,0.0025296712601920266
Brand W,91610,321,18.6,1,0.3440000000000001,0.5525,0.0,0.0025136993777971836
Brand C,57808,174,33.1,6,0.924,0.185,0.625,0.0022787503459728757
Brand B,34906,143,33.9,5,0.956,0.1075,0.5,0.00315905574972784
Brand C,58013,479,13.7,6,0.14799999999999996,0.9475,0.625,0.005850585213659007
Brand E,56890,211,24.3,2,0.5720000000000001,0.2775,0.125,0.0027243803831956404
Brand W,36230,342,18.8,1,0.35200000000000004,0.605,0.0,0.006763455699696383
Brand A,55788,451,17.3,4,0.29200000000000004,0.8775,0.375,0.005751953825195382
Brand W,82758,184,28.2,1,0.728,0.21,0.0,0.001658570772614128
Brand B,98382,393,16.6,5,0.26400000000000007,0.7325,0.5,0.0028468622308958956
Brand D,83314,195,19.6,9,0.38400000000000006,0.2375,1.0,0.0017089564779028735
Brand B,60637,307,10.1,5,0.003999999999999986,0.5175,0.5,0.0035940102577634112
Brand E,32280,470,22.3,2,0.49200000000000005,0.925,0.125,0.010399318463444858
Brand C,56320,470,17.9,6,0.31599999999999995,0.925,0.625,0.005936967329545455
Brand B,49558,487,15.5,5,0.22,0.9675,0.5,0.006972638120989546
Brand X,70447,179,22.8,8,0.512,0.1975,0.875,0.0018757363691853449
Brand X,61304,495,22.1,8,0.48400000000000004,0.9875,0.875,0.005760309278350515
Brand D,96918,496,17.9,9,0.31599999999999995,0.99,1.0,0.0036378175364741327
Brand X,56965,492,32.0,8,0.88,0.98,0.875,0.0062143421399104715
Brand A,37049,215,15.8,4,0.23200000000000004,0.2875,0.375,0.0041901265891117175
Brand X,30810,452,23.3,8,0.532,0.88,0.875,0.010496267445634535
Brand D,94609,376,30.0,9,0.8,0.69,1.0,0.0028771047151962287
Brand B,80435,100,34.0,5,0.96,0.0,0.5,0.0009970783862746316
Brand X,91126,407,10.4,8,0.016000000000000014,0.7675,0.875,0.0031606786208107454
Brand D,73489,382,34.8,9,0.9919999999999999,0.705,1.0,0.0037807018737498125
Brand Y,35447,150,23.2,3,0.528,0.125,0.25,0.0031585183513414394
Brand A,49510,481,19.0,4,0.36,0.9525,0.375,0.006915774590991719
Brand B,32564,337,34.1,5,0.9640000000000001,0.5925,0.5,0.0075583466404618585
Brand D,44038,252,15.4,9,0.21600000000000003,0.38,1.0,0.004110540896498478
Brand W,53328,106,16.1,1,0.24400000000000005,0.015,0.0,0.0014819606960696067
Brand D,76953,149,22.9,9,0.5159999999999999,0.1225,1.0,0.001444648031915585
Brand X,89463,448,29.6,8,0.784,0.87,0.875,0.0036046186691704946
Brand Z,87809,339,13.8,7,0.15200000000000002,0.5975,0.75,0.0027496042546891544
Brand W,57805,335,16.3,1,0.252,0.5875,0.0,0.004141337254562753
Brand B,75854,233,23.2,5,0.528,0.3325,0.5,0.0022419384607271866
Brand C,55884,232,19.1,6,0.36400000000000005,0.33,0.625,0.003008553432109369
Brand Z,49339,194,29.1,7,0.764,0.235,0.75,0.0029293256855631444
Brand W,36395,143,31.3,1,0.852,0.1075,0.0,0.0030083802720153865
Brand C,48001,200,22.9,6,0.5159999999999999,0.25,0.625,0.0030597279223349514
Brand Z,36804,192,16.1,7,0.24400000000000005,0.23,0.75,0.0037830127160091293
Brand B,52424,304,27.3,5,0.6920000000000001,0.51,0.5,0.0042154356783152755
Brand X,80462,249,26.5,8,0.66,0.3725,0.875,0.002265044368770351
Brand Z,95518,480,17.7,7,0.308,0.95,0.75,0.00357325320881928
Brand E,30127,234,20.4,2,0.4159999999999999,0.335,0.125,0.005640123477279517
Brand X,86059,210,13.7,8,0.14799999999999996,0.275,0.875,0.0017558884021427162
Brand A,70594,223,33.6,4,0.9440000000000001,0.3075,0.375,0.002354024421338924
Brand B,68456,101,31.4,5,0.856,0.0025,0.5,0.00117038681780998
Brand E,83196,412,20.0,2,0.4,0.78,0.125,0.003538631664983893
Brand X,65630,415,13.2,8,0.12799999999999997,0.7875,0.875,0.004486667682462289
Brand X,85173,463,27.1,8,0.684,0.9075,0.875,0.0039006492667864223
Brand A,67350,222,32.6,4,0.904,0.305,0.375,0.002452561247216035
Brand E,37694,281,29.6,2,0.784,0.4525,0.125,0.00545391839550061
Brand Z,82876,109,19.6,7,0.38400000000000006,0.0225,0.75,0.0009916019112891548
Brand E,77329,218,20.1,2,0.4040000000000001,0.295,0.125,0.002051364947173764
Brand B,67405,258,32.7,5,0.9080000000000001,0.395,0.5,0.002824864624286032
Brand Y,46727,229,30.7,3,0.828,0.3225,0.25,0.0036276670875510946
Brand A,65709,487,26.7,4,0.6679999999999999,0.9675,0.375,0.005309927102832184
Brand C,52127,425,22.3,6,0.49200000000000005,0.8125,0.625,0.005835555470293706
Brand A,49990,134,33.9,4,0.956,0.085,0.375,0.0020798159631926385
Brand Z,48557,129,28.2,7,0.728,0.0725,0.75,0.002033898305084746
Brand C,92432,280,27.2,6,0.688,0.45,0.625,0.0022087588713865327
Brand A,30298,188,20.5,4,0.42,0.22,0.375,0.004546504719783484
Brand Z,70656,212,26.2,7,0.648,0.28,0.75,0.002211560235507246
Brand A,42575,207,29.2,4,0.768,0.2675,0.375,0.0036091603053435106
Brand Y,78638,174,21.6,3,0.4640000000000001,0.185,0.25,0.0016312724128284036
Brand Y,83679,293,15.9,3,0.23600000000000002,0.4825,0.25,0.002508036663918068
Brand D,80913,193,28.6,9,0.7440000000000001,0.2325,1.0,0.0017757344308083993
Brand C,81374,420,22.4,6,0.49599999999999994,0.8,0.625,0.0036955292845380593
Brand Y,30144,439,27.5,3,0.7,0.8475,0.25,0.010468086518046708
Brand C,61843,134,16.9,6,0.27599999999999997,0.085,0.625,0.0015987258056691944
Brand Z,94728,407,22.3,7,0.49200000000000005,0.7675,0.75,0.0030781817414069755
Brand X,52181,107,11.9,8,0.07600000000000001,0.0175,0.875,0.0015038040666142847
Brand W,37735,431,12.0,1,0.08,0.8275,0.0,0.008090632039220882
Brand B,63870,284,31.8,5,0.872,0.46,0.5,0.003261938312196649
Brand D,85158,325,28.8,9,0.752,0.5625,1.0,0.0027729631978205215
Brand Y,52276,482,19.1,3,0.36400000000000005,0.955,0.25,0.006563815135052414
Brand X,71429,156,23.0,8,0.52,0.14,0.875,0.001625390247658514
Brand D,62085,146,14.3,9,0.17200000000000004,0.115,1.0,0.0017152291213658694
Brand Y,36532,470,14.6,3,0.184,0.925,0.25,0.009125698018175846
Brand D,63691,128,29.0,9,0.76,0.07,1.0,0.001543389175864722
Brand C,56492,338,16.9,6,0.27599999999999997,0.595,0.625,0.0042779508602988035
Brand A,60662,216,10.9,4,0.03600000000000001,0.29,0.375,0.002546404668490983
Brand C,37834,352,19.1,6,0.36400000000000005,0.63,0.625,0.006664111645609768
Brand B,38030,254,17.2,5,0.288,0.385,0.5,0.004810938732579542
Brand B,76843,108,26.7,5,0.6679999999999999,0.02,0.5,0.0010880626732428457
Brand A,95377,306,30.6,4,0.8240000000000001,0.515,0.375,0.0023420740849471045
Brand B,67065,427,14.5,5,0.18,0.8175,0.5,0.004521732647431596
Brand B,86846,198,33.9,5,0.956,0.245,0.5,0.0017130322640075534
Brand Y,43111,350,13.8,3,0.15200000000000002,0.625,0.25,0.005779035512978125
Brand D,93903,247,18.0,9,0.32,0.3675,1.0,0.0018987678774906019
Brand Z,35045,360,13.0,7,0.12,0.65,0.75,0.007302040233984876
Brand C,46053,454,22.8,6,0.512,0.885,0.625,0.007049269320131152
Brand X,84259,313,19.8,8,0.392,0.5325,0.875,0.0026708126134893603
Brand D,72315,100,23.7,9,0.5479999999999999,0.0,1.0,0.001066307128534882
Brand B,67702,226,19.1,5,0.36400000000000005,0.315,0.5,0.0024213464890254347
Brand Y,91655,404,15.6,3,0.22399999999999998,0.76,0.25,0.003136544651137417
Brand A,31960,311,10.6,4,0.023999999999999987,0.5275,0.375,0.0069111389236545685
Brand Z,70975,115,22.2,7,0.488,0.0375,0.75,0.001228038041563931
Brand D,92444,328,21.1,9,0.44400000000000006,0.57,1.0,0.0025521396737484318
Brand W,38220,341,34.3,1,0.9719999999999999,0.6025,0.0,0.006514652014652014
Brand E,44377,396,18.5,2,0.34,0.74,0.125,0.006371543817743425
Brand B,81156,495,20.6,5,0.42400000000000004,0.9875,0.5,0.004345704568978264
Brand C,99559,421,14.4,6,0.17600000000000002,0.8025,0.625,0.003003445193302464
Brand C,83444,495,15.3,6,0.21200000000000002,0.9875,0.625,0.0042074924500263644
Brand A,89269,453,17.5,4,0.3,0.8825,0.375,0.003610995978447165
Brand Z,89069,212,10.6,7,0.023999999999999987,0.28,0.75,0.0017018266737024103
Brand A,59260,250,25.1,4,0.6040000000000001,0.375,0.375,0.003080155248059399
Brand D,81760,144,12.5,9,0.1,0.11,1.0,0.0012787426614481409
Brand Y,93462,369,18.7,3,0.348,0.6725,0.25,0.002823714450792836
Brand D,82156,209,22.8,9,0.512,0.2725,1.0,0.001864014801110083
Brand A,93983,111,11.3,4,0.052000000000000025,0.0275,0.375,0.0008628156155900534
Brand B,84257,495,25.4,5,0.616,0.9875,0.5,0.004202855549093844
Brand W,40489,293,34.3,1,0.9719999999999999,0.4825,0.0,0.0053197164662006965
Brand W,43049,470,23.7,1,0.5479999999999999,0.925,0.0,0.00780761457873586
Brand W,64837,160,16.1,1,0.24400000000000005,0.15,0.0,0.001801903234264386
Brand Y,72900,197,28.3,3,0.732,0.2425,0.25,0.0020080932784636487
Brand D,71112,452,14.5,9,0.18,0.88,1.0,0.004510490493868827
Brand Z,91222,269,24.9,7,0.596,0.4225,0.75,0.0021460831816886277
Brand B,75851,105,12.6,5,0.10399999999999998,0.0125,0.5,0.001018839567045919
Brand D,93299,250,23.7,9,0.5479999999999999,0.375,1.0,0.0019518965905315172
Brand W,78170,117,26.0,1,0.64,0.0425,0.0,0.0011474990405526415
Brand W,60839,317,22.9,1,0.5159999999999999,0.5425,0.0,0.0037602524696329653
Brand Y,80598,270,17.6,3,0.30400000000000005,0.425,0.25,0.0024104816496687263
Brand W,39298,250,26.5,1,0.66,0.375,0.0,0.00465545320372538
Brand W,88544,218,11.3,1,0.052000000000000025,0.295,0.0,0.001761722985182508
Brand B,49949,294,15.3,5,0.21200000000000002,0.485,0.5,0.00421209633826503
Brand Z,90729,440,16.5,7,0.26,0.85,0.75,0.0034492830296817996
Brand X,34434,370,11.0,8,0.04,0.675,0.875,0.007617471104141256
Brand Y,98692,220,23.7,3,0.5479999999999999,0.3,0.25,0.0016324524784177036
Brand W,89564,279,13.5,1,0.14,0.4475,0.0,0.002225782680541289
Brand W,60835,375,27.5,1,0.7,0.6875,0.0,0.00445056299827402
Brand X,42728,267,14.2,8,0.16799999999999998,0.4175,0.875,0.00447388129563752
Brand Y,66507,183,19.1,3,0.36400000000000005,0.2075,0.25,0.0020122693851775
Brand D,92335,183,20.0,9,0.4,0.2075,1.0,0.0014523203552282448
Brand Y,65183,153,34.6,3,0.9840000000000001,0.1325,0.25,0.0018023104183606154
Brand C,63535,325,23.5,6,0.54,0.5625,0.625,0.0036916660108601554
Brand B,80933,301,13.7,5,0.14799999999999996,0.5025,0.5,0.002654170733816861
Brand B,87792,217,15.4,5,0.21600000000000003,0.2925,0.5,0.0017828503736103515
Brand B,48979,392,27.5,5,0.7,0.73,0.5,0.005770840564323485
Brand Y,88251,382,17.7,3,0.308,0.705,0.25,0.003090163284268733
Brand W,61289,245,26.3,1,0.652,0.3625,0.0,0.0029269526342410547
Brand Z,35529,196,10.9,7,0.03600000000000001,0.24,0.75,0.003953671648512483
Brand A,66096,243,18.5,4,0.34,0.3575,0.375,0.002657498184458969
Brand Y,67530,189,21.5,3,0.46,0.2225,0.25,0.0020546423811639266
Brand A,89310,122,16.6,4,0.26400000000000007,0.055,0.375,0.0010119807412383832
Brand W,40447,276,24.9,1,0.596,0.44,0.0,0.00496130738991767
Brand W,97359,345,20.8,1,0.43200000000000005,0.6125,0.0,0.0025446029642868144
Brand W,34359,380,32.9,1,0.9159999999999999,0.7,0.0,0.008029046246980413
Brand Z,99192,377,15.4,7,0.21600000000000003,0.6925,0.75,0.0027070731510605694
Brand B,90043,417,10.7,5,0.027999999999999973,0.7925,0.5,0.0032774341148118116
Brand C,64680,454,31.8,6,0.872,0.885,0.625,0.005060915275200989
Brand W,75148,136,15.2,1,0.20799999999999996,0.09,0.0,0.0013275137062862617
Brand B,87547,408,20.2,5,0.408,0.77,0.5,0.003331467668795047
Brand E,31172,420,18.3,2,0.332,0.8,0.125,0.009607660721160016
Brand C,95707,440,28.7,6,0.748,0.85,0.625,0.003308117483569645
Brand W,94843,329,27.3,1,0.6920000000000001,0.5725,0.0,0.002514576721529264
Brand X,97060,245,23.6,8,0.544,0.3625,0.875,0.0018398928497836392
Brand A,75199,301,25.1,4,0.6040000000000001,0.5025,0.375,0.002902033271719039
Brand X,76366,280,12.8,8,0.11200000000000003,0.45,0.875,0.002616871382552445
Brand B,67976,468,14.3,5,0.17200000000000004,0.92,0.5,0.004882458514769919
Brand E,34488,173,11.0,2,0.04,0.1825,0.125,0.003607051728137323
Brand Z,64404,345,22.7,7,0.508,0.6125,0.75,0.00385550586920067
Brand B,42200,301,34.5,5,0.98,0.5025,0.5,0.005238151658767772
Brand X,79799,443,31.6,8,0.8640000000000001,0.8575,0.875,0.004004812090377072
Brand D,69195,447,19.5,9,0.38,0.8675,1.0,0.0046065467158031646
Brand Y,92810,280,12.6,3,0.10399999999999998,0.45,0.25,0.002152569766188988
Brand C,81978,423,34.9,6,0.996,0.8075,0.625,0.0037396618604991576
Brand C,88385,289,26.8,6,0.672,0.4725,0.625,0.002379815579566668
Brand E,75100,472,33.4,2,0.9359999999999999,0.93,0.125,0.0045328894806924095
Brand Y,67037,381,28.8,3,0.752,0.7025,0.25,0.0041072840371735005
Brand A,82777,355,15.7,4,0.22799999999999998,0.6375,0.375,0.003058941493410005
Brand Z,43083,492,15.4,7,0.21600000000000003,0.98,0.75,0.008101107165239188
Brand B,68453,269,27.9,5,0.716,0.4225,0.5,0.002873066191401399
Brand W,97086,212,28.3,1,0.732,0.28,0.0,0.0016159899470572481
Brand E,72710,415,16.8,2,0.272,0.7875,0.125,0.0040646403520836205
Brand D,44418,114,13.1,9,0.12399999999999999,0.035,1.0,0.0018850466027286233
Brand E,65011,365,18.1,2,0.32400000000000007,0.6625,0.125,0.004013628462875512
Brand X,35728,210,10.2,8,0.007999999999999972,0.275,0.875,0.004200067174205105
Brand A,97112,120,28.8,4,0.752,0.05,0.375,0.0009539500782601532
Brand A,30966,460,14.9,4,0.196,0.9,0.375,0.010542853452173352
Brand D,69120,388,23.7,9,0.5479999999999999,0.72,1.0,0.004032262731481481
Brand W,78356,332,13.1,1,0.12399999999999999,0.58,0.0,0.0030161059778447087
Brand Z,89383,358,31.3,7,0.852,0.645,0.75,0.002908718660147903
Brand Y,85126,351,18.6,3,0.3440000000000001,0.6275,0.25,0.002951859596363038
Brand W,68061,302,31.2,1,0.848,0.505,0.0,0.003243560923289402
Brand A,98658,229,30.5,4,0.82,0.3225,0.375,0.0017175495144843803
Brand C,78253,283,13.2,6,0.12799999999999997,0.4575,0.625,0.002582137426041174
Brand E,57433,184,16.0,2,0.24,0.21,0.125,0.002326188776487385
Brand A,36356,352,29.9,4,0.7959999999999999,0.63,0.375,0.007024150071515018
Brand E,47997,188,21.4,2,0.45599999999999996,0.22,0.125,0.0028755963914411315
Brand X,39385,158,24.7,8,0.588,0.145,0.875,0.0029963183953281704
Brand Z,72502,407,14.6,7,0.184,0.7675,0.75,0.00398995889768558
Brand Z,97285,433,33.5,7,0.94,0.8325,0.75,0.003218892943413681
Brand C,81601,486,21.0,6,0.44,0.965,0.625,0.004246271491770934
Brand A,54311,405,11.0,4,0.04,0.7625,0.375,0.005280698201101067
Brand Y,86281,240,25.6,3,0.6240000000000001,0.35,0.25,0.0020361377360021324
Brand B,32181,174,16.2,5,0.24799999999999997,0.185,0.5,0.003935862776172276
Brand W,80820,191,34.4,1,0.976,0.2275,0.0,0.0017819846572630536
Brand E,88923,282,25.7,2,0.628,0.455,0.125,0.002306602341351506
Brand E,54287,466,31.6,2,0.8640000000000001,0.915,0.125,0.0061834324976513715
Brand X,53305,332,28.8,8,0.752,0.58,0.875,0.00452190226057593
Brand E,70316,400,24.2,2,0.568,0.75,0.125,0.004085272199783833
Brand X,79932,484,32.4,8,0.8959999999999999,0.96,0.875,0.004360206175248961
Brand B,36721,243,17.5,5,0.3,0.3575,0.5,0.004775196753901038
Brand A,70291,313,28.7,4,0.748,0.5325,0.375,0.0032395327993626493
Brand Y,51648,361,15.5,3,0.22,0.6525,0.25,0.0049827679677819075
Brand B,40322,447,30.5,5,0.82,0.8675,0.5,0.007986955012152174
Brand B,97085,291,15.1,5,0.204,0.4775,0.5,0.002144821548127929
Brand E,71480,138,32.6,2,0.904,0.095,0.125,0.0014882484611080022
Brand Z,84560,240,12.0,7,0.08,0.35,0.75,0.0020293282876064334
Brand D,99756,108,30.8,9,0.8320000000000001,0.02,1.0,0.0008504751593889088
Brand D,30449,173,19.0,9,0.36,0.1825,1.0,0.004164340372426024
Brand W,41717,264,17.6,1,0.30400000000000005,0.41,0.0,0.004556415849653618
Brand D,85108,103,19.5,9,0.38,0.0075,1.0,0.000915895097993138
Brand A,65734,115,31.1,4,0.8440000000000001,0.0375,0.375,0.0013665682903824504
Brand D,31972,287,27.9,9,0.716,0.4675,1.0,0.006545414737895658
Brand E,59327,465,12.3,2,0.09200000000000003,0.9125,0.125,0.005548738348475399
Brand C,79904,452,27.3,6,0.6920000000000001,0.88,0.625,0.004062249699639567
Brand B,89342,246,24.2,5,0.568,0.365,0.5,0.002008685724519263
Brand B,78900,315,29.1,5,0.764,0.5375,0.5,0.0029053231939163496
Brand W,69039,240,34.3,1,0.9719999999999999,0.35,0.0,0.0025824533959066614
Brand Y,37459,233,21.6,3,0.4640000000000001,0.3325,0.25,0.004527082944018794
Brand Z,70262,421,32.7,7,0.9080000000000001,0.8025,0.75,0.004333921607696906
Brand X,96710,234,12.7,8,0.10799999999999997,0.335,0.875,0.0017331196360252299
Brand B,34371,348,12.3,5,0.09200000000000003,0.62,0.5,0.0071947281138168805
Brand W,73970,430,22.2,1,0.488,0.825,0.0,0.004159253751520887
Brand A,64160,281,12.5,4,0.1,0.4525,0.375,0.003124220698254364
Brand W,82435,329,31.4,1,0.856,0.5725,0.0,0.002907988111845696
Brand X,79441,320,34.2,8,0.9680000000000001,0.55,0.875,0.0029488551251872458
Brand C,55354,148,28.5,6,0.74,0.12,0.625,0.0020260505112548325
Brand Y,94471,387,30.3,3,0.812,0.7175,0.25,0.002963766658551301
Brand A,31787,457,31.7,4,0.868,0.8925,0.375,0.010363041494950764
Brand C,96356,488,30.8,6,0.8320000000000001,0.97,0.625,0.0036410809913238404
Brand D,58965,444,28.0,9,0.72,0.86,1.0,0.005413380819129991
Brand Y,63871,338,27.5,3,0.7,0.595,0.25,0.0038335081648948662
Brand B,74234,343,17.7,5,0.308,0.6075,0.5,0.0033058975671525176
Brand E,97545,492,32.0,2,0.88,0.98,0.125,0.0036290942641857603
Brand A,57753,100,23.0,4,0.52,0.0,0.375,0.0013315325610790782
Brand B,37127,243,18.1,5,0.32400000000000007,0.3575,0.5,0.004727826110377892
Brand A,40818,392,13.1,4,0.12399999999999999,0.73,0.375,0.006818805428977412
Brand W,50428,178,25.7,1,0.628,0.195,0.0,0.002623740778932339
Brand W,48699,389,32.2,1,0.8880000000000001,0.7225,0.0,0.0057898519476785966
Brand W,60822,222,22.3,1,0.49200000000000005,0.305,0.0,0.002664989641905889
Brand Z,93744,471,10.8,7,0.03200000000000003,0.9275,0.75,0.0035515873015873017
Brand E,72794,329,21.2,2,0.44799999999999995,0.5725,0.125,0.003251092122977168
Brand Z,70469,267,12.5,7,0.1,0.4175,0.75,0.0027054449474236894
Brand W,47494,153,31.3,1,0.852,0.1325,0.0,0.0024527308712679495
Brand B,77727,391,31.7,5,0.868,0.7275,0.5,0.0036436502116381692
Brand B,32011,269,27.5,5,0.7,0.4225,0.5,0.006140076848583299
Brand E,53076,339,21.0,2,0.44,0.5975,0.125,0.004589645037304997
Brand E,57137,174,26.3,2,0.652,0.185,0.125,0.002269807655284667
Brand X,79919,497,23.7,8,0.5479999999999999,0.9925,0.875,0.004442122649182297
Brand A,59765,349,10.6,4,0.023999999999999987,0.6225,0.375,0.004140885133439303
Brand Z,82327,460,31.7,7,0.868,0.9,0.75,0.004026746996732542
Brand Y,32428,140,18.1,3,0.32400000000000007,0.1,0.25,0.003189527568767732
Brand Z,95232,456,19.7,7,0.38799999999999996,0.89,0.75,0.003413873487903226
Brand Z,99221,300,23.6,7,0.544,0.5,0.75,0.0021878432993015593
Brand B,60567,384,24.1,5,0.5640000000000001,0.71,0.5,0.004557432265094853
Brand Z,95262,377,13.2,7,0.12799999999999997,0.6925,0.75,0.002811824232117738
Brand C,77543,135,13.1,6,0.12399999999999999,0.0875,0.625,0.0012693602259391565
Brand B,70897,144,20.8,5,0.43200000000000005,0.11,0.5,0.001509795901095956
Brand D,97339,222,17.1,9,0.28400000000000003,0.305,1.0,0.001649184807733796
Brand Z,33000,434,20.2,7,0.408,0.835,0.75,0.009389696969696968
Brand Z,57792,355,34.2,7,0.9680000000000001,0.6375,0.75,0.004477436323366556
Brand E,32552,375,16.5,2,0.26,0.6875,0.125,0.008216085033177684
Brand A,84781,129,34.8,4,0.9919999999999999,0.0725,0.375,0.001188237930668428
Brand A,81315,120,14.0,4,0.16,0.05,0.375,0.0010846707249584947
Brand X,39545,105,32.0,8,0.88,0.0125,0.875,0.002101403464407637
Brand Z,33802,266,13.0,7,0.12,0.415,0.75,0.005623927578249807
Brand A,34077,434,31.4,4,0.856,0.835,0.375,0.00919153681368665
Brand Y,43168,124,18.1,3,0.32400000000000007,0.06,0.25,0.002136536323202372
Brand Z,63558,125,10.4,7,0.016000000000000014,0.0625,0.75,0.0014257843229805848
Brand C,94960,103,34.3,6,0.9719999999999999,0.0075,0.625,0.0008676284751474304
Brand B,99784,260,29.8,5,0.792,0.4,0.5,0.0019135332317806461
Brand A,81706,127,13.2,4,0.12799999999999997,0.0675,0.375,0.0011365138423126819
Brand X,75873,360,25.4,8,0.616,0.65,0.875,0.003421770590328575
Brand W,64001,491,16.5,1,0.26,0.9775,0.0,0.005447571131701067
Brand B,32452,451,21.6,5,0.4640000000000001,0.8775,0.5,0.009927893504252435
Brand Y,75204,275,13.8,3,0.15200000000000002,0.4375,0.25,0.00261475453433328
Brand Z,88487,443,28.3,7,0.732,0.8575,0.75,0.0036004158802988005
Brand B,41943,148,19.0,5,0.36,0.12,0.5,0.002605917554776721
Brand X,42452,168,16.0,8,0.24,0.17,0.875,0.002883256383680392
Brand Z,35922,278,32.1,7,0.884,0.445,0.75,0.0056853738655976835
Brand W,90640,283,21.9,1,0.4759999999999999,0.4575,0.0,0.0022580538393645187
Brand Z,86360,288,14.4,7,0.17600000000000002,0.47,0.75,0.002384437239462714
Brand D,41152,338,33.3,9,0.9319999999999999,0.595,1.0,0.005992175349922239
Brand A,55236,304,33.0,4,0.92,0.51,0.375,0.00403179086103266
Brand W,69453,447,23.4,1,0.5359999999999999,0.8675,0.0,0.00460628050624163
Brand B,66891,471,22.5,5,0.5,0.9275,0.5,0.00502982464008611
Brand B,35648,145,27.9,5,0.716,0.1125,0.5,0.003082080341113106
Brand E,36964,122,20.5,2,0.42,0.055,0.125,0.002476734119684017
Brand Y,86957,344,17.0,3,0.28,0.61,0.25,0.0028278344469105415
Brand E,84514,415,18.4,2,0.33599999999999997,0.7875,0.125,0.003502614951369004
Brand B,44723,463,18.0,5,0.32,0.9075,0.5,0.007367573731636964
Brand E,50497,464,17.8,2,0.31200000000000006,0.91,0.125,0.006537814127571933
Brand E,73522,381,29.5,2,0.78,0.7025,0.125,0.003747857784064634
Brand A,32849,414,17.5,4,0.3,0.785,0.375,0.008982008584736216
Brand D,36967,177,16.5,9,0.26,0.1925,1.0,0.0034855411583304026
Brand C,30521,109,28.1,6,0.7240000000000001,0.0225,0.625,0.0027761213590642504
Brand A,55213,152,20.7,4,0.428,0.13,0.375,0.0020395559016898194
Brand E,60306,438,23.3,2,0.532,0.845,0.125,0.0051999801014824395
Brand E,60721,424,18.1,2,0.32400000000000007,0.81,0.125,0.004977355445397802
Brand X,67258,377,19.1,8,0.36400000000000005,0.6925,0.875,0.0040088911356269885
Brand X,93568,378,11.9,8,0.07600000000000001,0.695,0.875,0.0028660439466484263
Brand B,76266,234,24.5,5,0.58,0.335,0.5,0.0022441192667768074
Brand C,89502,368,21.5,6,0.46,0.67,0.625,0.0029502134030524453
Brand Z,70955,374,12.2,7,0.08799999999999997,0.685,0.75,0.003741244450708196
Brand Y,54742,452,28.3,3,0.732,0.88,0.25,0.005934931131489533
Brand B,32101,188,15.5,5,0.22,0.22,0.5,0.004244416061804928
Brand W,47254,247,18.9,1,0.3559999999999999,0.3675,0.0,0.0037789393490498153
Brand B,47564,435,19.6,5,0.38400000000000006,0.8375,0.5,0.006525523505171979
Brand A,67689,415,30.7,4,0.828,0.7875,0.375,0.004427750446896837
Brand A,39724,117,34.8,4,0.9919999999999999,0.0425,0.375,0.0023245393213170876
Brand Z,46365,469,33.8,7,0.9519999999999998,0.9225,0.75,0.007299471584169092
Brand W,45498,337,21.7,1,0.46799999999999997,0.5925,0.0,0.005327926502263835
Brand B,73511,112,27.2,5,0.688,0.03,0.5,0.0011775108487165184
Brand C,78036,373,23.2,6,0.528,0.6825,0.625,0.003435081244553795
Brand A,40401,345,12.0,4,0.08,0.6125,0.375,0.006066681517784212
Brand Y,43096,213,23.7,3,0.5479999999999999,0.2825,0.25,0.003624698347874512
Brand D,87749,304,11.8,9,0.07200000000000002,0.51,1.0,0.002465441201609135
Brand B,36847,162,21.5,5,0.46,0.155,0.5,0.003252639292208321
Brand D,37290,139,14.7,9,0.18799999999999997,0.0975,1.0,0.0027275408956824883
Brand D,93406,111,20.0,9,0.4,0.0275,1.0,0.0008960880457358198
Brand B,43550,290,17.7,5,0.308,0.475,0.5,0.004783237657864523
Brand E,72225,303,28.0,2,0.72,0.5075,0.125,0.0030529595015576323
Brand Y,54882,256,28.1,3,0.7240000000000001,0.39,0.25,0.0034187894027185597
Brand Y,73743,371,32.6,3,0.904,0.6775,0.25,0.0036543129517377917
Brand Y,67346,351,30.7,3,0.828,0.6275,0.25,0.003785080034448965
Brand W,45059,361,34.7,1,0.9880000000000001,0.6525,0.0,0.005839233005614861
Brand Z,77769,323,31.6,7,0.8640000000000001,0.5575,0.75,0.0030292275842559373
Brand A,92917,279,17.4,4,0.29599999999999993,0.4475,0.375,0.002158055038367575
Brand X,72180,369,10.4,8,0.016000000000000014,0.6725,0.875,0.0036217788861180383
Brand C,41089,280,31.3,6,0.852,0.45,0.625,0.0049986614422351475
Brand Y,50222,382,25.3,3,0.612,0.705,0.25,0.00547548882959659
Brand Y,83993,394,30.4,3,0.816,0.735,0.25,0.0033921874441917776
Brand E,97430,163,18.0,2,0.32,0.1575,0.125,0.001226521605255055
Brand E,46556,123,11.7,2,0.06799999999999998,0.0575,0.125,0.0019247787610619468
Brand Z,80546,368,24.8,7,0.5920000000000001,0.67,0.75,0.003290542050505301
Brand X,78517,173,24.9,8,0.596,0.1825,0.875,0.0016374797814486034
Brand Y,78960,267,26.6,3,0.664,0.4175,0.25,0.0024680851063829785
Brand W,67976,371,28.6,1,0.7440000000000001,0.6775,0.0,0.003946687066023302
Brand X,53211,487,34.1,8,0.9640000000000001,0.9675,0.875,0.006598823551521302
Brand W,67290,434,22.9,1,0.5159999999999999,0.835,0.0,0.004616882151879922
Brand D,48151,447,29.8,9,0.792,0.8675,1.0,0.006683973333887146
Brand D,85223,468,28.7,9,0.748,0.92,1.0,0.003945061779097192
Brand D,52307,192,20.1,9,0.4040000000000001,0.23,1.0,0.002684726709618215
Brand Z,85787,137,23.3,7,0.532,0.0925,0.75,0.001199365871285859
Brand X,54287,390,25.4,8,0.616,0.725,0.875,0.005169193361209867
Brand D,89732,275,15.8,9,0.23200000000000004,0.4375,1.0,0.0021981010119021087
Brand A,90325,429,17.6,4,0.30400000000000005,0.8225,0.375,0.003383116523664544
Brand C,74855,337,32.4,6,0.8959999999999999,0.5925,0.625,0.0032812771357958715
Brand A,30090,435,13.8,4,0.15200000000000002,0.8375,0.375,0.010257228315054835
Brand Y,64981,211,28.2,3,0.728,0.2775,0.25,0.0024031640017851373
Brand C,63824,275,22.3,6,0.49200000000000005,0.4375,0.625,0.0031209262973176236
Brand A,44971,308,11.2,4,0.04799999999999997,0.52,0.375,0.004868915523337262
Brand E,62571,407,27.4,2,0.696,0.7675,0.125,0.004684598296335363
Brand B,59983,378,25.3,5,0.612,0.695,0.5,0.004537785705950018
Brand D,68762,128,21.5,9,0.46,0.07,1.0,0.0013968470957796456
Brand X,60641,147,19.8,8,0.392,0.1175,0.875,0.001794825283224221
Brand W,40972,229,24.5,1,0.58,0.3225,0.0,0.004091818803085033
Brand E,69580,477,17.2,2,0.288,0.9425,0.125,0.0048729519977004886
Brand X,41523,187,17.9,8,0.31599999999999995,0.2175,0.875,0.0032817956313368497
Brand X,30347,142,19.9,8,0.39599999999999996,0.105,0.875,0.003472171878604145
Brand Z,57295,460,12.4,7,0.09600000000000002,0.9,0.75,0.005684963783925299
Brand C,80857,297,10.2,6,0.007999999999999972,0.4925,0.625,0.0026090505460256994
Brand W,58462,165,16.2,1,0.24799999999999997,0.1625,0.0,0.0020587732202114193
Brand Y,68859,201,27.7,3,0.708,0.2525,0.25,0.0021639872783514136
Brand Y,34915,221,31.5,3,0.86,0.3025,0.25,0.004701417728769869
Brand E,58242,490,31.0,2,0.84,0.975,0.125,0.006048899419662786
Brand C,44731,467,24.3,6,0.5720000000000001,0.9175,0.625,0.007471105050188907
Brand A,66182,435,32.6,4,0.904,0.8375,0.375,0.004748723217793357
Brand C,44513,347,29.5,6,0.78,0.6175,0.625,0.0056556511580886475
Brand W,50482,238,29.3,1,0.772,0.345,0.0,0.0034743076740224236
Brand B,32252,192,12.0,5,0.08,0.23,0.5,0.004278804415230063
Brand E,51441,478,25.9,2,0.6359999999999999,0.945,0.125,0.006655586011158413
Brand Z,98312,353,25.8,7,0.632,0.6325,0.75,0.002592155586296688
Brand D,58418,319,34.1,9,0.9640000000000001,0.5475,1.0,0.003997569242356808
Brand B,63887,257,20.1,5,0.4040000000000001,0.3925,0.5,0.0029102947391488093
Brand Y,66058,447,34.2,3,0.9680000000000001,0.8675,0.25,0.004892064549335432
Brand C,56175,273,17.9,6,0.31599999999999995,0.4325,0.625,0.0034974632843791723
Brand B,64364,248,26.1,5,0.644,0.37,0.5,0.0028188117581256604
Brand E,98484,120,23.8,2,0.552,0.05,0.125,0.0009254295113927135
Brand Z,85805,397,18.3,7,0.332,0.7425,0.75,0.0033027212866383075
Brand W,77263,475,19.5,1,0.38,0.9375,0.0,0.004379198322612376
Brand E,75082,285,18.1,2,0.32400000000000007,0.4625,0.125,0.00272941583868304
Brand D,74876,478,12.6,9,0.10399999999999998,0.945,1.0,0.004519205085741759
Brand Y,91043,257,22.6,3,0.504,0.3925,0.25,0.0020504596729018156
Brand X,89001,490,16.9,8,0.27599999999999997,0.975,0.875,0.0039108549342142225
Brand E,95169,249,20.1,2,0.4040000000000001,0.3725,0.125,0.001894839706206853
Brand X,48320,228,25.8,8,0.632,0.32,0.875,0.003463162251655629
Brand Z,47777,256,17.6,7,0.30400000000000005,0.39,0.75,0.003861272160244469
Brand D,80496,491,13.5,9,0.14,0.9775,1.0,0.004320090439276485
Brand B,79038,109,14.2,5,0.16799999999999998,0.0225,0.5,0.001019256560135631
Brand B,79321,453,23.6,5,0.544,0.8825,0.5,0.004086937885301496
Brand B,70254,169,14.0,5,0.16,0.1725,0.5,0.001743672958123381
Brand X,30645,187,10.3,8,0.012000000000000028,0.2175,0.875,0.004372328275411976
Brand Z,51975,437,21.7,7,0.46799999999999997,0.8425,0.75,0.00601077441077441
Brand Y,59000,455,24.7,3,0.588,0.8875,0.25,0.005523898305084746
Brand C,87654,349,27.0,6,0.68,0.6225,0.625,0.0028795035024071916
Brand B,57574,280,17.8,5,0.31200000000000006,0.45,0.5,0.0034970646472366
Brand C,44024,288,31.6,6,0.8640000000000001,0.47,0.625,0.004794657459567508
Brand X,62101,123,16.4,8,0.25599999999999995,0.0575,0.875,0.0014656768812096423
Brand X,79049,400,28.2,8,0.728,0.75,0.875,0.0036491290212399903
Brand B,87963,443,18.8,5,0.35200000000000004,0.8575,0.5,0.0035894637518047354
Brand B,38513,310,21.0,5,0.44,0.525,0.5,0.005798042219510295
Brand D,44279,146,13.8,9,0.15200000000000002,0.115,1.0,0.0024015899184715098
Brand B,77293,286,22.6,5,0.504,0.465,0.5,0.0026778621608683838
Brand Y,76414,213,16.5,3,0.26,0.2825,0.25,0.002015991833957128
Brand A,54273,483,17.3,4,0.29200000000000004,0.9575,0.375,0.006325244596760819
Brand Z,51524,150,15.8,7,0.23200000000000004,0.125,0.75,0.0021298812204021424
Brand X,49493,262,31.7,8,0.868,0.405,0.875,0.0038977229103105485
Brand E,48347,313,10.9,2,0.03600000000000001,0.5325,0.125,0.0045994580842658285
Brand A,52987,399,20.2,4,0.408,0.7475,0.375,0.0053854719082038986
Brand Z,62644,407,11.6,7,0.06399999999999999,0.7675,0.75,0.004603473596832897
Brand W,74030,166,28.7,1,0.748,0.165,0.0,0.0016859381331892475
Brand W,40760,292,27.1,1,0.684,0.48,0.0,0.005214180569185475
Brand E,55029,166,16.6,2,0.26400000000000007,0.165,0.125,0.0022021116138763197
Brand Z,34327,444,27.1,7,0.684,0.86,0.75,0.00929093716316602
Brand Z,49598,442,23.9,7,0.5559999999999999,0.855,0.75,0.006382717045042139
Brand B,74319,189,26.2,5,0.648,0.2225,0.5,0.0018859241916602749
Brand B,40826,465,19.1,5,0.36400000000000005,0.9125,0.5,0.008113212168716015
Brand Y,66794,458,23.0,3,0.52,0.895,0.25,0.004903135012126837
Brand W,86276,187,21.1,1,0.44400000000000006,0.2175,0.0,0.0015905929806666979
Brand X,89180,157,13.6,8,0.144,0.1425,0.875,0.0012780892576810944
Brand A,54715,106,27.1,4,0.684,0.015,0.375,0.0015047062048798316
Brand X,80491,286,29.7,8,0.7879999999999999,0.465,0.875,0.0025979302033767747
Brand X,84485,160,32.8,8,0.9119999999999999,0.15,0.875,0.0014421494939930166
Brand D,88371,133,25.0,9,0.6,0.0825,1.0,0.0011383825010467235
Brand W,87082,152,31.9,1,0.8759999999999999,0.13,0.0,0.0013317333088353504
Brand D,42281,108,12.8,9,0.11200000000000003,0.02,1.0,0.0018788581159386011
Brand A,86705,378,31.3,4,0.852,0.695,0.375,0.0031600253733925373
Brand D,93995,224,17.8,9,0.31200000000000006,0.31,1.0,0.001724985371562317
Brand X,47038,167,21.9,8,0.4759999999999999,0.1675,0.875,0.002624899017815383
Brand B,58686,451,27.9,5,0.716,0.8775,0.5,0.005522100671369662
Brand W,63962,293,27.2,1,0.688,0.4825,0.0,0.0033341671617522902
Brand Z,91745,347,17.4,7,0.29599999999999993,0.6175,0.75,0.002704452558722546
Brand A,98726,121,13.7,4,0.14799999999999996,0.0525,0.375,0.000899560399489496
Brand D,64972,190,27.1,9,0.684,0.225,1.0,0.002172166471710891
Brand E,45348,366,15.8,2,0.23200000000000004,0.665,0.125,0.005754167769251125
Brand D,59673,296,24.5,9,0.58,0.49,1.0,0.0035954284182125916
Brand Y,91802,129,34.7,3,0.9880000000000001,0.0725,0.25,0.0010970349229864273
Brand X,33792,455,18.4,8,0.33599999999999997,0.8875,0.875,0.009588660037878787
Brand D,65670,422,18.6,9,0.3440000000000001,0.805,1.0,0.0045832191259326934
Brand A,93494,224,29.4,4,0.7759999999999999,0.31,0.375,0.0017714505743684085
Brand X,85490,260,26.0,8,0.64,0.4,0.875,0.0022201427067493275
Brand X,45853,281,14.4,8,0.17600000000000002,0.4525,0.875,0.004384009770353085
Brand X,35335,225,19.5,8,0.38,0.3125,0.875,0.004622895146455356
Brand X,38615,214,18.8,8,0.35200000000000004,0.285,0.875,0.004025378738832059
Brand D,85557,148,25.3,9,0.612,0.12,1.0,0.0012996014353004429
Brand D,38071,393,21.7,9,0.46799999999999997,0.7325,1.0,0.007396968821412622
Brand C,63969,383,28.5,6,0.74,0.7075,0.625,0.004324751051290468
Brand D,85899,368,19.3,9,0.37200000000000005,0.67,1.0,0.0030662755096101234
Brand D,95567,243,10.9,9,0.03600000000000001,0.3575,1.0,0.0018141199367982673
Brand W,56142,111,18.5,1,0.34,0.0275,0.0,0.0014828470663674253
Brand X,61479,303,20.2,8,0.408,0.5075,0.875,0.00354852876592007
Brand W,83913,481,14.3,1,0.17200000000000004,0.9525,0.0,0.0040636135044629556
Brand C,94878,385,24.8,6,0.5920000000000001,0.7125,0.625,0.0029189063850418432
Brand Y,47974,326,25.6,3,0.6240000000000001,0.565,0.25,0.0049168299495560095
Brand B,88341,386,22.7,5,0.508,0.715,0.5,0.0031356901099149886
Brand Z,88076,262,31.1,7,0.8440000000000001,0.405,0.75,0.002188223806712385
Brand A,56211,491,23.8,4,0.552,0.9775,0.375,0.006241482983757627
Brand Z,33770,424,16.8,7,0.272,0.81,0.75,0.008938110749185667
Brand B,95072,428,14.9,5,0.196,0.82,0.5,0.0031983128576236956
Brand B,55218,210,12.0,5,0.08,0.275,0.5,0.0027273715092904485
Brand E,80757,287,20.0,2,0.4,0.4675,0.125,0.002562007008680362
Brand C,40868,424,18.4,6,0.33599999999999997,0.81,0.625,0.007397474796907114
Brand W,39076,115,21.1,1,0.44400000000000006,0.0375,0.0,0.002222080049135019
Brand B,68492,366,13.8,5,0.15200000000000002,0.665,0.5,0.0038010278572680016
Brand W,64573,272,34.7,1,0.9880000000000001,0.43,0.0,0.0031098136992241334
Brand Y,79106,273,26.8,3,0.672,0.4325,0.25,0.002517381740955174
Brand D,77961,434,33.6,9,0.9440000000000001,0.835,1.0,0.00402611562191352
Brand B,90016,224,15.5,5,0.22,0.31,0.5,0.001793570031994312
Brand E,99223,306,22.5,2,0.5,0.515,0.125,0.002226802253509771
Brand W,95762,348,23.1,1,0.524,0.62,0.0,0.0026161734299617804
Brand B,94580,123,22.8,5,0.512,0.0575,0.5,0.0009826601818566294
Brand E,87524,148,28.7,2,0.748,0.12,0.125,0.0012820483524518989
Brand E,62225,114,19.7,2,0.38799999999999996,0.035,0.125,0.0013774206508638006
Brand E,83070,364,25.3,2,0.612,0.66,0.125,0.0031586613699289756
Brand Y,42240,496,21.8,3,0.47200000000000003,0.99,0.25,0.008374526515151515
Brand W,49308,165,18.2,1,0.32799999999999996,0.1625,0.0,0.0024531516183986368
Brand W,69518,477,32.5,1,0.9,0.9425,0.0,0.004943324031186167
Brand Y,48078,143,15.9,3,0.23600000000000002,0.1075,0.25,0.0021812471400640622
Brand D,51264,408,22.7,9,0.508,0.77,1.0,0.005704002808988764
Brand Y,45915,255,32.1,3,0.884,0.3875,0.25,0.004097353805945769
Brand E,56686,336,29.6,2,0.784,0.59,0.125,0.004305825071446212
Brand C,39249,487,21.0,6,0.44,0.9675,0.625,0.008846085250579632
Brand X,76248,157,16.0,8,0.24,0.1425,0.875,0.0015043017521771062
Brand B,82791,272,25.9,5,0.6359999999999999,0.43,0.5,0.002393617663755722
Brand Z,65247,383,12.7,7,0.10799999999999997,0.7075,0.75,0.004167394669486719
Brand Y,68475,296,30.2,3,0.8079999999999999,0.49,0.25,0.0031582329317269074
Brand Y,33452,426,29.7,3,0.7879999999999999,0.815,0.25,0.009180617003467655
Brand C,71578,409,27.8,6,0.7120000000000001,0.7725,0.625,0.004116348598731453
Brand B,55363,356,20.3,5,0.41200000000000003,0.64,0.5,0.004611202427614111
Brand D,31167,271,29.9,9,0.7959999999999999,0.4275,1.0,0.006374370327590079
Brand D,40190,300,12.5,9,0.1,0.5,1.0,0.005318487185867131
Brand X,72960,447,17.3,8,0.29200000000000004,0.8675,0.875,0.004359786184210526
Brand Z,63076,345,24.7,7,0.588,0.6125,0.75,0.003946191895491153
Brand W,31071,267,32.7,1,0.9080000000000001,0.4175,0.0,0.006330983875639663
Brand B,90667,438,15.1,5,0.204,0.845,0.5,0.003431568266293138
Brand B,69421,306,31.7,5,0.868,0.515,0.5,0.0032225119200242
Brand E,85689,122,34.8,2,0.9919999999999999,0.055,0.125,0.0011184632800009336
Brand W,38951,204,28.6,1,0.7440000000000001,0.26,0.0,0.0038864214012477214
Brand A,75168,280,32.8,4,0.9119999999999999,0.45,0.375,0.002738399318859089
Brand W,47705,437,19.2,1,0.368,0.8425,0.0,0.0065330678125982596
Brand Z,70207,441,13.9,7,0.15600000000000003,0.8525,0.75,0.004456393237141596
Brand D,78238,435,27.9,9,0.716,0.8375,1.0,0.003998951915948771
Brand W,86493,288,17.1,1,0.28400000000000003,0.47,0.0,0.002390135617911276
Brand E,63669,307,16.8,2,0.272,0.5175,0.125,0.0034544283717350666
Brand X,51501,175,30.9,8,0.836,0.1875,0.875,0.002558591095318537
Brand X,52449,268,13.3,8,0.13200000000000003,0.42,0.875,0.003652881847127686
Brand Y,84032,420,12.2,3,0.08799999999999997,0.8,0.25,0.003542222010662605
Brand C,65900,454,20.9,6,0.43599999999999994,0.885,0.625,0.004917602427921092
Brand X,77860,105,16.9,8,0.27599999999999997,0.0125,0.875,0.001009118931415361
Brand C,72738,458,22.7,6,0.508,0.895,0.625,0.004501223569523495
Brand C,41374,118,20.5,6,0.42,0.045,0.625,0.0021450669502586163
Brand B,71004,493,25.3,5,0.612,0.9825,0.5,0.00496718494732691
Brand X,33498,145,20.9,8,0.43599999999999994,0.1125,0.875,0.0032172069974326823
Brand E,38758,220,32.5,2,0.9,0.3,0.125,0.0042249342071314306
Brand A,98592,194,19.9,4,0.39599999999999996,0.235,0.375,0.0014379462836741316
Brand E,72428,339,27.1,2,0.684,0.5975,0.125,0.003388606616225769
Brand E,53987,230,24.8,2,0.5920000000000001,0.325,0.125,0.0031200103728675423
Brand C,66468,143,31.6,6,0.8640000000000001,0.1075,0.625,0.0016486128663416983
Brand E,53762,318,20.8,2,0.43200000000000005,0.545,0.125,0.004256538075220416
Brand A,37010,403,23.6,4,0.544,0.7575,0.375,0.007813563901648201
Brand X,75489,161,29.0,8,0.76,0.1525,0.875,0.0016081813244313739
Brand X,37266,336,11.1,8,0.043999999999999984,0.59,0.875,0.006400740621478023
Brand Z,58456,338,13.9,7,0.15600000000000003,0.595,0.75,0.004118824414944574
Brand E,96799,363,15.1,2,0.204,0.6575,0.125,0.0026718251221603526
Brand B,49992,178,29.5,5,0.78,0.195,0.5,0.0026694271083373337
Brand E,79817,109,22.3,2,0.49200000000000005,0.0225,0.125,0.0010397534359848151
Brand D,31386,308,28.4,9,0.736,0.52,1.0,0.007140763397693239
Brand W,44923,284,13.6,1,0.144,0.46,0.0,0.004516172116733077
Brand C,61647,257,14.3,6,0.17200000000000004,0.3925,0.625,0.0029878177364673054
Brand Y,64603,112,27.7,3,0.708,0.03,0.25,0.0013421977307555375
Brand E,85298,130,31.3,2,0.852,0.075,0.125,0.001176932636169664
Brand B,71703,401,21.3,5,0.452,0.7525,0.5,0.004003877104165794
Brand X,72351,319,11.2,8,0.04799999999999997,0.5475,0.875,0.0031327832372738456
Brand X,90461,474,18.9,8,0.3559999999999999,0.935,0.875,0.0037305579199876184
Brand C,31816,460,11.5,6,0.06,0.9,0.625,0.010229129997485542
Brand D,43223,161,29.0,9,0.76,0.1525,1.0,0.002808689817921014
Brand D,48673,384,16.7,9,0.26799999999999996,0.71,1.0,0.005625500790992952
Brand C,37559,177,29.8,6,0.792,0.1925,0.625,0.003536835379003701
Brand A,53140,232,15.4,4,0.21600000000000003,0.33,0.375,0.003143018441851712
Brand E,81941,304,30.6,2,0.8240000000000001,0.51,0.125,0.0027090223453460414
Brand E,71591,230,13.1,2,0.12399999999999999,0.325,0.125,0.002303781201547681
Brand X,48861,196,32.3,8,0.8919999999999999,0.24,0.875,0.003006283129694439
Brand B,98855,277,22.0,5,0.48,0.4425,0.5,0.0020282231551261944
Brand W,56669,467,17.7,1,0.308,0.9175,0.0,0.0058622880234343285
Brand D,56618,384,10.9,9,0.03600000000000001,0.71,1.0,0.004805362252287258
Brand B,45122,482,27.2,5,0.688,0.955,0.5,0.007658348477461105
Brand A,98701,168,29.3,4,0.772,0.17,0.375,0.0012805341384585767
Brand E,42689,340,29.5,2,0.78,0.6,0.125,0.005782520087141886
Brand C,33836,279,21.7,6,0.46799999999999997,0.4475,0.625,0.0059643574890649005
Brand Z,43116,423,19.7,7,0.38799999999999996,0.8075,0.75,0.007004592262733092
Brand A,66389,236,17.0,4,0.28,0.34,0.375,0.0025651839913238637
Brand Y,93138,123,20.9,3,0.43599999999999994,0.0575,0.25,0.000991754171229788
Brand X,82415,297,34.1,8,0.9640000000000001,0.4925,0.875,0.002646726930777164
Brand Y,90994,442,22.9,3,0.5159999999999999,0.855,0.25,0.0034757236740884014
Brand B,88512,349,16.3,5,0.252,0.6225,0.5,0.0028153244757772953
Brand Y,35988,403,11.9,3,0.07600000000000001,0.7575,0.25,0.007937923752361898
Brand C,96222,416,11.3,6,0.052000000000000025,0.79,0.625,0.0030615659620461017
Brand X,53530,155,15.2,8,0.20799999999999996,0.1375,0.875,0.0021120866803661497
Brand D,94904,137,26.6,9,0.664,0.0925,1.0,0.0010945797858888983
Brand D,63304,322,21.2,9,0.44799999999999995,0.555,1.0,0.003661064071780614
Brand C,94728,132,11.2,6,0.04799999999999997,0.08,0.625,0.0010108943501393461
Brand W,31838,335,10.4,1,0.016000000000000014,0.5875,0.0,0.007463408505559393
Brand C,49960,238,10.0,6,0.0,0.345,0.625,0.0033947157726180945
Brand Y,80114,478,25.7,3,0.628,0.945,0.25,0.0042727862795516386
Brand Z,72188,486,28.0,7,0.72,0.965,0.75,0.0048290574610738626
Brand Y,90244,199,17.7,3,0.308,0.2475,0.25,0.0016024334027746996
Brand E,30933,156,20.1,2,0.4040000000000001,0.14,0.125,0.0037251479003006494
Brand X,61221,308,27.1,8,0.684,0.52,0.875,0.0036544649711700234
Brand C,31652,185,29.5,6,0.78,0.2125,0.625,0.004370971818526475
Brand X,59451,347,16.6,8,0.26400000000000007,0.6175,0.875,0.004169484112966981
Brand E,70893,419,20.7,2,0.428,0.7975,0.125,0.0042248176829870355
Brand E,59197,232,22.7,2,0.508,0.33,0.125,0.0028584218794871358
Brand E,42992,396,22.8,2,0.512,0.74,0.125,0.006606810569408261
Brand B,47236,269,32.0,5,0.88,0.4225,0.5,0.004189601151663985
Brand X,46029,279,23.3,8,0.532,0.4475,0.875,0.004394838036889787
Brand E,54492,363,31.6,2,0.8640000000000001,0.6575,0.125,0.004837040299493504
Brand E,60291,186,25.7,2,0.628,0.215,0.125,0.002287406080509529
Brand C,98871,200,25.6,6,0.6240000000000001,0.25,0.625,0.0014936634604686915
Brand W,84690,397,23.0,1,0.52,0.7425,0.0,0.0033628527571141808
Brand W,98536,333,31.0,1,0.84,0.5825,0.0,0.0024600146139482017
Brand A,33809,152,27.0,4,0.68,0.13,0.375,0.0033866721878789666
Brand Z,72220,470,24.9,7,0.596,0.925,0.75,0.004658958737191914
Brand C,30927,110,21.2,6,0.44799999999999995,0.025,0.625,0.0026953794419115984
Brand Y,47337,156,29.1,3,0.764,0.14,0.25,0.002491285886304582
Brand C,54117,302,32.7,6,0.9080000000000001,0.505,0.625,0.004087624960733225
Brand D,75437,488,28.2,9,0.728,0.97,1.0,0.004640428436973898
Brand A,50767,408,12.8,4,0.11200000000000003,0.77,0.375,0.005701341422577657
Brand D,54361,227,12.3,9,0.09200000000000003,0.3175,1.0,0.0029909309983260053
Brand E,48195,406,13.7,2,0.14799999999999996,0.765,0.125,0.00598215582529308
Brand D,67874,374,23.9,9,0.5559999999999999,0.685,1.0,0.003962783982084451
Brand C,94345,228,10.6,6,0.023999999999999987,0.32,0.625,0.001725369653929726
Brand A,55868,426,13.4,4,0.136,0.815,0.375,0.005409536765232333
Brand E,56200,473,24.6,2,0.5840000000000001,0.9325,0.125,0.006022775800711743
Brand E,74401,100,33.9,2,0.956,0.0,0.125,0.0010775392803860162
Brand D,57962,224,16.9,9,0.27599999999999997,0.31,1.0,0.0027926917635692347
Brand A,72411,152,21.8,4,0.47200000000000003,0.13,0.375,0.001559707779204817
Brand Y,78607,405,30.4,3,0.816,0.7625,0.25,0.003722569236836414
Brand C,44076,337,34.9,6,0.996,0.5925,0.625,0.005589663308830202
Brand X,82356,335,21.3,8,0.452,0.5875,0.875,0.0029249842148720184
Brand A,95297,369,31.2,4,0.848,0.6725,0.375,0.0028086928234886724
Brand Z,43963,445,34.7,7,0.9880000000000001,0.8625,0.75,0.007322293747014536
Brand X,90851,278,19.4,8,0.37599999999999995,0.445,0.875,0.0022060296529482337
Brand E,81269,438,22.1,2,0.48400000000000004,0.845,0.125,0.0038542371630018823
Brand E,99631,484,10.9,2,0.03600000000000001,0.96,0.125,0.003433369132097439
Brand X,86114,462,22.9,8,0.5159999999999999,0.905,0.875,0.0038352648814362353
Brand D,53810,229,27.2,9,0.688,0.3225,1.0,0.0031306448615498975
Brand B,48847,433,29.2,5,0.768,0.8325,0.5,0.0063844248367351105
Brand C,74853,470,19.8,6,0.392,0.925,0.625,0.00447463695509866
Brand B,92628,481,17.9,5,0.31599999999999995,0.9525,0.5,0.0036929438182838883
Brand D,68881,249,15.4,9,0.21600000000000003,0.3725,1.0,0.0025975232647609645
Brand X,64418,258,26.7,8,0.6679999999999999,0.395,0.875,0.0029279083485982175
Brand W,41378,449,14.4,1,0.17600000000000002,0.8725,0.0,0.007700227173860505
Brand Z,86175,191,14.5,7,0.18,0.2275,0.75,0.0016019727299100665
Brand W,64043,273,31.0,1,0.84,0.4325,0.0,0.003129147603953594
Brand Y,58136,135,14.1,3,0.16399999999999998,0.0875,0.25,0.001698259254162653
Brand Y,92017,464,21.7,3,0.46799999999999997,0.91,0.25,0.0036005303367855936
Brand W,40115,247,22.7,1,0.508,0.3675,0.0,0.004479870372678549
Brand D,69493,181,31.4,9,0.856,0.2025,1.0,0.0019587584361014775
Brand X,41635,152,10.4,8,0.016000000000000014,0.13,0.875,0.002630479164164765
Brand D,45048,190,18.2,9,0.32799999999999996,0.225,1.0,0.003073610371159652
Brand C,99030,360,22.0,6,0.48,0.65,0.625,0.0026113299000302937
Brand A,30086,388,11.9,4,0.07600000000000001,0.72,0.375,0.009146114471847369
Brand X,56794,300,24.5,8,0.58,0.5,0.875,0.0038269887664189877
Brand D,45956,139,31.1,9,0.8440000000000001,0.0975,1.0,0.002320262860127078
Brand A,84498,222,13.1,4,0.12399999999999999,0.305,0.375,0.0018856067599233115
Brand Z,42423,278,21.1,7,0.44400000000000006,0.445,0.75,0.004736345850128468
Brand E,53588,394,14.5,2,0.18,0.735,0.125,0.005227849518548928
Brand E,45498,406,33.3,2,0.9319999999999999,0.765,0.125,0.00646599850542881
Brand Y,51107,482,20.8,3,0.43200000000000005,0.955,0.25,0.006723932142367973
Brand W,77988,224,29.0,1,0.76,0.31,0.0,0.002122121352002872
Brand Z,68807,115,23.7,7,0.5479999999999999,0.0375,0.75,0.001273271614806633
Brand X,52132,211,16.2,8,0.24799999999999997,0.2775,0.875,0.0029264175554362007
Brand W,83839,457,21.6,1,0.4640000000000001,0.8925,0.0,0.003892937654313625
Brand X,75196,472,13.8,8,0.15200000000000002,0.93,0.875,0.004448906856747699
Brand Y,59089,314,27.3,3,0.6920000000000001,0.535,0.25,0.0038584169642403828
Brand X,50222,234,25.5,8,0.62,0.335,0.875,0.003413842539126279
Brand A,88690,353,20.8,4,0.43200000000000005,0.6325,0.375,0.002856466343443455
Brand X,85920,256,20.1,8,0.4040000000000001,0.39,0.875,0.002155842644320298
Brand C,40981,477,12.3,6,0.09200000000000003,0.9425,0.625,0.008237719918986848
Brand Z,46944,149,13.7,7,0.14799999999999996,0.1225,0.75,0.0023093473074301293
Brand X,40712,152,22.7,8,0.508,0.13,0.875,0.002780752603654942
Brand W,60538,245,18.8,1,0.35200000000000004,0.3625,0.0,0.0029260960058145294
Brand E,73465,426,10.0,2,0.0,0.815,0.125,0.004099911522493704
Brand W,94068,104,25.1,1,0.6040000000000001,0.01,0.0,0.0008539567121656674
Brand E,59108,428,29.4,2,0.7759999999999999,0.82,0.125,0.005217906205589767
Brand A,46632,401,24.2,4,0.568,0.7525,0.375,0.00617515868931206
Brand Z,30088,402,19.9,7,0.39599999999999996,0.755,0.75,0.009550983780909333
Brand D,33151,312,20.9,9,0.43599999999999994,0.53,1.0,0.006777171126059545
Brand D,80454,206,28.8,9,0.752,0.265,1.0,0.001899719094140751
Brand Y,71350,284,13.0,3,0.12,0.46,0.25,0.002840925017519271
Brand B,69759,168,19.3,5,0.37200000000000005,0.17,0.5,0.0017688040252870597
Brand E,42066,318,15.8,2,0.23200000000000004,0.545,0.125,0.0054043645699614895
Brand X,52478,419,10.2,8,0.007999999999999972,0.7975,0.875,0.005647318876481572
Brand C,94362,310,31.5,6,0.86,0.525,0.625,0.0023998007672580064
Brand C,64771,235,30.6,6,0.8240000000000001,0.3375,0.625,0.0026814469438483273
Brand Z,59836,127,33.6,7,0.9440000000000001,0.0675,0.75,0.001654188114178755
Brand E,39299,243,20.4,2,0.4159999999999999,0.3575,0.125,0.00448408356446729
Brand Z,87596,389,12.5,7,0.1,0.7225,0.75,0.0031513996072880033
Brand B,77967,270,30.8,5,0.8320000000000001,0.425,0.5,0.0025426141829235447
Brand B,55381,377,12.2,5,0.08799999999999997,0.6925,0.5,0.004831259818349253
Brand Y,55965,235,30.8,3,0.8320000000000001,0.3375,0.25,0.003104440275171983
Brand E,61863,255,31.0,2,0.84,0.3875,0.125,0.003035740264778624
Brand A,81083,218,34.7,4,0.9880000000000001,0.295,0.375,0.0020104090869849413
Brand X,80095,279,12.4,8,0.09600000000000002,0.4475,0.875,0.0024847993008302637
Brand X,40851,181,23.8,8,0.552,0.2025,0.875,0.003276296785880394
Brand Y,58857,214,33.7,3,0.9480000000000001,0.285,0.25,0.002716924070204054
Brand E,68112,287,16.2,2,0.24799999999999997,0.4675,0.125,0.003020906741836974
Brand E,91467,130,21.3,2,0.452,0.075,0.125,0.0010647555949140127
Brand B,77901,496,25.3,5,0.612,0.99,0.5,0.004554370290496912
Brand E,34066,433,17.5,2,0.3,0.8325,0.125,0.009051546997005812
Brand A,90869,486,24.6,4,0.5840000000000001,0.965,0.375,0.0038250668544828267
Brand X,38678,459,11.2,8,0.04799999999999997,0.8975,0.875,0.008393919023734422
Brand D,50029,177,26.6,9,0.664,0.1925,1.0,0.0026360710787743107
Brand Z,83571,344,18.6,7,0.3440000000000001,0.61,0.75,0.002948151870864295
Brand Y,72656,415,26.1,3,0.644,0.7875,0.25,0.004106061440211407
Brand D,44106,210,16.8,9,0.272,0.275,1.0,0.0034471500476125697
Brand Y,71306,369,15.6,3,0.22399999999999998,0.6725,0.25,0.0036880486915547082
Brand A,36515,126,29.2,4,0.768,0.065,0.375,0.0026553471176228947
Brand B,86054,487,19.2,5,0.368,0.9675,0.5,0.004028400771608524
Brand W,61171,421,30.6,1,0.8240000000000001,0.8025,0.0,0.004967713458992006
Brand C,66050,223,18.6,6,0.3440000000000001,0.3075,0.625,0.002447842543527631
Brand A,78331,315,29.9,4,0.7959999999999999,0.5375,0.375,0.0029294915167685847
Brand A,94574,352,34.0,4,0.96,0.63,0.375,0.0027132192780256726
Brand D,32484,308,33.3,9,0.9319999999999999,0.52,1.0,0.0069446496736855065
Brand Y,36529,126,20.5,3,0.42,0.065,0.25,0.002582879356128008
Brand E,76781,495,20.8,2,0.43200000000000005,0.9875,0.125,0.00459410531251221
Brand A,41868,189,28.9,4,0.7559999999999999,0.2225,0.375,0.0033670106047578095
Brand E,61652,470,15.5,2,0.22,0.925,0.125,0.005411827677934211
Brand E,87559,245,24.8,2,0.5920000000000001,0.3625,0.125,0.00204365056704622
Brand A,87942,170,34.8,4,0.9919999999999999,0.175,0.375,0.0014718791931045462
Brand X,50188,366,27.3,8,0.6920000000000001,0.665,0.875,0.005267992348768629
Brand C,94024,266,28.0,6,0.72,0.415,0.625,0.002069684335914235
Brand D,52998,386,30.7,9,0.828,0.715,1.0,0.005272085739084493
Brand B,93665,291,13.3,5,0.13200000000000003,0.4775,0.5,0.002217370415843698
Brand Z,73706,250,12.5,7,0.1,0.375,0.75,0.0024251756980435786
Brand D,76049,150,21.1,9,0.44400000000000006,0.125,1.0,0.0014639245749451012
Brand Z,58308,123,14.7,7,0.18799999999999997,0.0575,0.75,0.0015522741304795223
Brand A,41718,169,29.0,4,0.76,0.1725,0.375,0.0030442494846349296
Brand A,65943,388,10.8,4,0.03200000000000003,0.72,0.375,0.004167841924085953
Brand X,79055,124,11.6,8,0.06399999999999999,0.06,0.875,0.0011419897539687559
Brand A,35710,284,34.2,4,0.9680000000000001,0.46,0.375,0.0058543825259031075
Brand D,52546,134,34.4,9,0.976,0.085,1.0,0.0019815019221253757
Brand X,69384,335,17.7,8,0.308,0.5875,0.875,0.003456272339444252
Brand D,55716,195,13.6,9,0.144,0.2375,1.0,0.002523153133749731
Brand Z,42582,372,10.5,7,0.02,0.68,0.75,0.006189234887980836
Brand X,40594,343,16.0,8,0.24,0.6075,0.875,0.006032911267675026
Brand B,32807,179,30.2,5,0.8079999999999999,0.1975,0.5,0.004095467430731246
Brand C,76628,263,23.4,6,0.5359999999999999,0.4075,0.625,0.002494127472986376
Brand C,97573,190,29.7,6,0.7879999999999999,0.225,0.625,0.0014543982454162524
Brand X,71587,169,25.1,8,0.6040000000000001,0.1725,0.875,0.0017577213739924846
Brand W,35860,190,17.4,1,0.29599999999999993,0.225,0.0,0.0038544339096486338
Brand X,59949,264,29.0,8,0.76,0.41,0.875,0.0032277435820447374
Brand Y,95713,377,32.6,3,0.904,0.6925,0.25,0.002859381693186923
Brand W,74355,314,30.2,1,0.8079999999999999,0.535,0.0,0.0030779369242149145
Brand Y,90991,369,15.3,3,0.21200000000000002,0.6725,0.25,0.0028891868426547678
Brand Z,76463,300,21.6,7,0.4640000000000001,0.5,0.75,0.002831173247191452
Brand Z,61373,435,21.3,7,0.452,0.8375,0.75,0.005065582585175891
Brand W,76869,497,19.5,1,0.38,0.9925,0.0,0.004601985195592502
Brand A,36520,234,29.2,4,0.768,0.335,0.375,0.004725082146768893
Brand E,59473,474,22.9,2,0.5159999999999999,0.935,0.125,0.00569451683957426
Brand X,73744,220,33.9,8,0.956,0.3,0.875,0.0022262150141028423
Brand D,42753,231,12.4,9,0.09600000000000002,0.3275,1.0,0.0038692021612518417
Brand E,47278,165,29.3,2,0.772,0.1625,0.125,0.002628918312957401
Brand X,97117,456,30.0,8,0.8,0.89,0.875,0.0033794289362315557
Brand Y,62472,341,10.8,3,0.03200000000000003,0.6025,0.25,0.003872775003201434
Brand C,90747,257,14.9,6,0.196,0.3925,0.625,0.0020316925077413024
Brand Z,73334,299,10.1,7,0.003999999999999986,0.4975,0.75,0.002895382769247552
Brand B,76134,497,27.9,5,0.716,0.9925,0.5,0.004679512438595108
Brand E,79301,441,20.4,2,0.4159999999999999,0.8525,0.125,0.003969937327398141
Brand C,34348,384,28.7,6,0.748,0.71,0.625,0.00807645277745429
Brand B,81809,136,33.5,5,0.94,0.09,0.5,0.0012865332665110195
Brand Z,71884,178,16.9,7,0.27599999999999997,0.195,0.75,0.0018038784708697343
Brand X,55257,450,18.6,8,0.3440000000000001,0.875,0.875,0.005801617894565394
Brand X,77592,298,17.2,8,0.288,0.495,0.875,0.0027549231879575213
Brand C,31493,129,27.3,6,0.6920000000000001,0.0725,0.625,0.003127361635919093
Brand Z,63287,413,25.5,7,0.62,0.7825,0.75,0.004688956657765417
Brand C,31198,332,22.2,6,0.488,0.58,0.625,0.007662670684018206
Brand D,33962,309,25.0,9,0.6,0.5225,1.0,0.006589717920028266
Brand Y,82046,215,29.6,3,0.784,0.2875,0.25,0.0019425688028666846
Brand Z,63948,199,34.0,7,0.96,0.2475,0.75,0.0023378369925564518
Brand Y,72469,302,26.6,3,0.664,0.505,0.25,0.0030272254343236414
Brand X,77029,156,25.5,8,0.62,0.14,0.875,0.001516961144504018
Brand W,88900,226,29.5,1,0.78,0.315,0.0,0.0018790776152980875
Brand Z,67749,122,14.3,7,0.17200000000000004,0.055,0.75,0.0013238571787037446
Brand X,71731,390,12.8,8,0.11200000000000003,0.725,0.875,0.003859419219026641
Brand D,85972,151,31.3,9,0.852,0.1275,1.0,0.0013386916670543897
Brand X,32171,275,13.1,8,0.12399999999999999,0.4375,0.875,0.006105809580056573
Brand A,73830,490,17.3,4,0.29200000000000004,0.975,0.375,0.00471610456454016
Brand C,67518,195,27.2,6,0.688,0.2375,0.625,0.0021425397671731984
Brand D,69742,463,21.1,9,0.44400000000000006,0.9075,1.0,0.004737891084282068
Brand X,43706,127,32.9,8,0.9159999999999999,0.0675,0.875,0.002259872786345124
Brand D,91808,170,23.2,9,0.528,0.175,1.0,0.0013719937260369464
Brand C,83818,325,21.2,6,0.44799999999999995,0.5625,0.625,0.0027900928201579607
Brand D,56305,366,19.9,9,0.39599999999999996,0.665,1.0,0.004656247224935618
Brand B,57018,289,33.2,5,0.9280000000000002,0.4725,0.5,0.0037226840646813284
Brand X,40104,278,21.8,8,0.47200000000000003,0.445,0.875,0.0050154598045082785
Brand C,68852,336,16.2,6,0.24799999999999997,0.59,0.625,0.0034866089583454364
Brand W,82141,266,21.0,1,0.44,0.415,0.0,0.002343531245054236
Brand A,67295,176,31.7,4,0.868,0.19,0.375,0.0019720633033657774
Brand Z,46879,426,34.3,7,0.9719999999999999,0.815,0.75,0.0065805584590114975
Brand D,59172,377,32.9,9,0.9159999999999999,0.6925,1.0,0.004626681538565537
Brand A,38162,383,29.9,4,0.7959999999999999,0.7075,0.375,0.007260363712593678
Brand Y,33791,217,28.2,3,0.728,0.2925,0.25,0.004745642330798141
Brand Y,63133,484,19.4,3,0.37599999999999995,0.96,0.25,0.005458634945274261
Brand B,63170,376,10.8,5,0.03200000000000003,0.69,0.5,0.004217824916890929
Brand C,69084,479,10.7,6,0.027999999999999973,0.9475,0.625,0.004899976839789241
Brand A,83274,193,30.5,4,0.82,0.2325,0.375,0.0017322333501453035
Brand Y,92316,134,11.3,3,0.052000000000000025,0.085,0.25,0.0010527969149443216
Brand C,97138,281,24.9,6,0.596,0.4525,0.625,0.0021018550927546374
Brand A,75529,211,22.0,4,0.48,0.2775,0.375,0.002042923910021316
Brand Z,91613,430,33.6,7,0.9440000000000001,0.825,0.75,0.003395587962407082
Brand E,55348,140,28.2,2,0.728,0.1,0.125,0.0019234660692346605
Brand Z,30231,224,12.6,7,0.10399999999999998,0.31,0.75,0.005311766067943501
Brand E,44876,289,30.6,2,0.8240000000000001,0.4725,0.125,0.004712541224708084
Brand C,34771,427,15.5,6,0.22,0.8175,0.625,0.00872997612953323
Brand E,56471,304,26.8,2,0.672,0.51,0.125,0.00391067981795966
Brand A,39539,478,32.6,4,0.904,0.945,0.375,0.008709881382938362
Brand W,50645,273,20.7,1,0.428,0.4325,0.0,0.003895942343765426
Brand X,85149,219,26.0,8,0.64,0.2975,0.875,0.0018919775922206954
Brand Z,71680,149,21.0,7,0.44,0.1225,0.75,0.0015429687499999999
Brand E,34193,324,32.6,2,0.904,0.56,0.125,0.006918960021056941
Brand A,97040,345,12.7,4,0.10799999999999997,0.6125,0.375,0.0025279266281945587
Brand X,79141,179,25.8,8,0.632,0.1975,0.875,0.0016810502773530786
Brand W,83278,355,23.9,1,0.5559999999999999,0.6375,0.0,0.003070078532145344
Brand A,68672,383,32.3,4,0.8919999999999999,0.7075,0.375,0.004045171248835041
Brand X,98372,404,26.6,8,0.664,0.76,0.875,0.0029559224169479117
Brand B,86777,153,16.2,5,0.24799999999999997,0.1325,0.5,0.0012902036253846065
Brand E,37511,422,33.8,2,0.9519999999999998,0.805,0.125,0.008145344032417156
Brand Y,98853,344,11.2,3,0.04799999999999997,0.61,0.25,0.00246993009822666
Brand Y,38445,453,26.5,3,0.66,0.8825,0.25,0.008454935622317595
Brand Y,74350,225,20.4,3,0.4159999999999999,0.3125,0.25,0.002200672494956288
Brand Y,92655,202,25.4,3,0.616,0.255,0.25,0.0016083319842426203
Brand E,43652,394,27.3,2,0.6920000000000001,0.735,0.125,0.006505772931366259
Brand B,81046,479,25.1,5,0.6040000000000001,0.9475,0.5,0.004230066875601509
Brand B,35820,108,21.3,5,0.452,0.02,0.5,0.00228894472361809
Brand Z,86749,106,17.7,7,0.308,0.015,0.75,0.0009165523521884977
Brand B,37340,303,33.7,5,0.9480000000000001,0.5075,0.5,0.005950990894483128
Brand Y,76746,426,28.9,3,0.7559999999999999,0.815,0.25,0.003998514580564459
Brand A,64870,359,25.8,4,0.632,0.6475,0.375,0.003993217203638045
Brand D,88226,206,30.6,9,0.8240000000000001,0.265,1.0,0.0017384897875909594
Brand E,30252,212,33.9,2,0.956,0.28,0.125,0.005241636916567498
Brand Z,78717,387,17.6,7,0.30400000000000005,0.7175,0.75,0.003508517855101185
Brand Z,45733,121,12.0,7,0.08,0.0525,0.75,0.001930772090175584
Brand D,73052,108,19.4,9,0.37599999999999995,0.02,1.0,0.001114548540765482
Brand X,65238,259,20.0,8,0.4,0.3975,0.875,0.002871026089089181
Brand B,67611,177,12.4,5,0.09600000000000002,0.1925,0.5,0.0018875626747126945
Brand C,41340,382,12.1,6,0.08399999999999999,0.705,0.625,0.006556119980648282
Brand A,83057,263,20.6,4,0.42400000000000004,0.4075,0.375,0.0022909568127912157
Brand Z,53350,372,29.7,7,0.7879999999999999,0.68,0.75,0.005047985004686036
Brand Z,39647,393,10.9,7,0.03600000000000001,0.7325,0.75,0.007021212197644209
Brand Y,99147,164,33.2,3,0.9280000000000002,0.16,0.25,0.00125833358548418
Brand X,82184,361,28.2,8,0.728,0.6525,0.875,0.0031777474934293775
Brand D,57966,120,25.4,9,0.616,0.05,1.0,0.0015805817203188076
Brand A,51045,206,29.5,4,0.78,0.265,0.375,0.0029983348026251344
Brand Z,99858,485,23.4,7,0.5359999999999999,0.9625,0.75,0.0034701275811652543
Brand C,34841,299,29.7,6,0.7879999999999999,0.4975,0.625,0.006263023449384345
Brand C,59766,285,32.8,6,0.9119999999999999,0.4625,0.625,0.003502660375464311
Brand D,81649,229,29.6,9,0.784,0.3225,1.0,0.002072040073975186
Brand D,34278,202,26.7,9,0.6679999999999999,0.255,1.0,0.004358772390454518
Brand B,70338,187,16.5,5,0.26,0.2175,0.5,0.0019313884386817936
Brand C,65119,253,29.8,6,0.792,0.3825,0.625,0.002856923478554646
Brand W,81280,124,20.9,1,0.43599999999999994,0.06,0.0,0.0011450541338582677
Brand W,63712,398,27.3,1,0.6920000000000001,0.745,0.0,0.00450134982420894
Brand C,51615,228,32.5,6,0.9,0.32,0.625,0.003281022958442313
Brand E,38196,387,23.1,2,0.524,0.7175,0.125,0.007273798303487276
Brand B,72743,398,14.8,5,0.19200000000000003,0.745,0.5,0.00389095858020703
Brand W,66725,229,17.9,1,0.31599999999999995,0.3225,0.0,0.0024828774822030723
Brand C,78942,266,23.0,6,0.52,0.415,0.625,0.002446099668110765
Brand D,45467,191,22.1,9,0.48400000000000004,0.2275,1.0,0.0030864143224756412
Brand W,48206,497,21.6,1,0.4640000000000001,0.9925,0.0,0.007351367049744845
Brand W,31700,491,12.3,1,0.09200000000000003,0.9775,0.0,0.010958675078864354
Brand Z,71118,415,32.7,7,0.9080000000000001,0.7875,0.75,0.00422270030090835
Brand A,89443,145,32.4,4,0.8959999999999999,0.1125,0.375,0.0012434734970875306
Brand E,30203,338,18.0,2,0.32,0.595,0.125,0.008012449094460816
Brand Z,54315,471,32.6,7,0.904,0.9275,0.75,0.006250207125103562
Brand E,74860,108,19.8,2,0.392,0.02,0.125,0.0010892332353726955
Brand X,95989,281,30.3,8,0.812,0.4525,0.875,0.0021438914875662836
Brand W,94717,185,10.5,1,0.02,0.2125,0.0,0.0014004877688271378
Brand E,35928,474,31.7,2,0.868,0.935,0.125,0.009499832999331995
Brand X,31478,246,20.7,8,0.428,0.365,0.875,0.005667767964927886
Brand E,37685,433,24.4,2,0.576,0.8325,0.125,0.008237229666976249
Brand Y,69899,408,15.7,3,0.22799999999999998,0.77,0.25,0.004153278301549377
Brand B,73478,389,27.6,5,0.7040000000000001,0.7225,0.5,0.0038185579357086466
Brand C,78914,356,31.5,6,0.86,0.64,0.625,0.0032776186734926626
Brand Z,65907,105,25.0,7,0.6,0.0125,0.75,0.0012290045063498567
Brand X,74078,474,22.8,8,0.512,0.935,0.875,0.0045713977159210556
Brand A,90837,346,12.9,4,0.11600000000000002,0.615,0.375,0.0027089181721104837
Brand Z,68031,152,33.2,7,0.9280000000000002,0.13,0.75,0.0017103967309020885
Brand E,99189,346,14.1,2,0.16399999999999998,0.615,0.125,0.002484448880420208
Brand B,78929,139,24.7,5,0.588,0.0975,0.5,0.0013266353304868931
Brand Z,99855,397,33.3,7,0.9319999999999999,0.7425,0.75,0.002883080466676681
Brand B,71179,427,34.6,5,0.9840000000000001,0.8175,0.5,0.004345101785639022
Brand W,91224,357,12.9,1,0.11600000000000002,0.6425,0.0,0.0027818337279663244
Brand Y,68928,152,18.3,3,0.332,0.13,0.25,0.0016232880687093777
Brand Y,79836,392,19.2,3,0.368,0.73,0.25,0.0035091938473871434
Brand A,43088,138,25.1,4,0.6040000000000001,0.095,0.375,0.002416682138878574
Brand D,79814,458,15.0,9,0.2,0.895,1.0,0.004073220237051143
Brand A,76178,356,29.1,4,0.764,0.64,0.375,0.0033858856887815383
Brand D,95419,189,31.6,9,0.8640000000000001,0.2225,1.0,0.001485867594504239
Brand A,47514,252,27.5,4,0.7,0.38,0.375,0.0038862230079555493
Brand X,92904,142,31.3,8,0.852,0.105,0.875,0.0011709937139412726
Brand Z,67212,124,27.8,7,0.7120000000000001,0.06,0.75,0.001415521037909897
Brand A,94245,269,25.4,4,0.616,0.4225,0.375,0.0020788370735848054
Brand Y,77532,293,16.2,3,0.24799999999999997,0.4825,0.25,0.002708043130578342
Brand C,74451,138,31.9,6,0.8759999999999999,0.095,0.625,0.0014260386025708182
Brand E,32663,398,23.8,2,0.552,0.745,0.125,0.008748124789517189
Brand Z,44861,119,24.6,7,0.5840000000000001,0.0475,0.75,0.002021354851652883
Brand Z,79638,455,28.2,7,0.728,0.8875,0.75,0.004105577739270197
Brand W,44180,149,21.4,1,0.45599999999999996,0.1225,0.0,0.002506111362607515
Brand C,49038,369,21.5,6,0.46,0.6725,0.625,0.005398874342346751
Brand Y,43913,178,18.3,3,0.332,0.195,0.25,0.00296244847767176
Brand E,83824,450,32.5,2,0.9,0.875,0.125,0.0038741887764840617
Brand D,81536,307,27.0,9,0.68,0.5175,1.0,0.0027349882260596543
Brand B,47201,429,27.2,5,0.688,0.8225,0.5,0.006535031037478019
Brand E,57805,365,12.6,2,0.10399999999999998,0.6625,0.125,0.004485425136233889
Brand B,52505,292,16.8,5,0.272,0.48,0.5,0.00398895343300638
Brand W,61986,373,21.6,1,0.4640000000000001,0.6825,0.0,0.004316781208660019
Brand Z,40995,378,24.3,7,0.5720000000000001,0.695,0.75,0.006632272228320526
Brand E,90730,427,15.3,2,0.21200000000000002,0.8175,0.125,0.0033449796098313674
Brand B,60261,363,18.0,5,0.32,0.6575,0.5,0.0043062677353512225
Brand W,65526,229,15.1,1,0.204,0.3225,0.0,0.0025154900344901256
Brand E,38982,438,19.3,2,0.37200000000000005,0.845,0.125,0.008013698630136986
Brand A,86179,289,26.0,4,0.64,0.4725,0.375,0.0024379489202705994
Brand A,74111,399,34.5,4,0.98,0.7475,0.375,0.003908326699140478
Brand Y,67017,214,23.7,3,0.5479999999999999,0.285,0.25,0.0023413462255845526
Brand A,66041,326,16.6,4,0.26400000000000007,0.565,0.375,0.003530836904347299
Brand E,66698,398,22.5,2,0.5,0.745,0.125,0.0042782392275630445
Brand W,36407,400,29.7,1,0.7879999999999999,0.75,0.0,0.007935561842502816
Brand B,50006,425,33.3,5,0.9319999999999999,0.8125,0.5,0.006149062112546495
Brand E,31197,166,20.0,2,0.4,0.165,0.125,0.003917043305446036
Brand C,66704,496,21.8,6,0.47200000000000003,0.99,0.625,0.005303130247061646
Brand B,58979,496,29.8,5,0.792,0.99,0.5,0.006038420454738127
Brand X,68104,348,27.0,8,0.68,0.62,0.875,0.003695818160460472
Brand B,92533,131,26.0,5,0.64,0.0775,0.5,0.0010752920579685083
Brand W,73853,467,14.9,1,0.196,0.9175,0.0,0.00448688611160007
Brand D,83877,126,32.5,9,0.9,0.065,1.0,0.0011677813941843413
Brand D,50375,444,22.7,9,0.508,0.86,1.0,0.006304913151364763
Brand C,41812,329,33.6,6,0.9440000000000001,0.5725,0.625,0.005749067253420071
Brand Y,58179,412,13.0,3,0.12,0.78,0.25,0.0050241496072466005
Brand W,65631,448,28.5,1,0.74,0.87,0.0,0.004908503603480063
Brand C,58343,185,13.9,6,0.15600000000000003,0.2125,0.625,0.002291106045283924
Brand X,96409,362,22.7,8,0.508,0.655,0.875,0.0026990218755510377
Brand B,48847,478,15.4,5,0.21600000000000003,0.945,0.5,0.006944541118185353
Brand Y,78694,441,33.4,3,0.9359999999999999,0.8525,0.25,0.004050118179276692
Brand Y,49801,312,33.2,3,0.9280000000000002,0.53,0.25,0.004585450091363627
Brand D,45335,397,33.9,9,0.956,0.7425,1.0,0.006354251681923459
Brand E,32430,309,12.1,2,0.08399999999999999,0.5225,0.125,0.006781683626271969
Brand B,98064,329,31.8,5,0.872,0.5725,0.5,0.002445749714472181
Brand C,87275,216,22.8,6,0.512,0.29,0.625,0.0018108278430249212
Brand A,98802,401,25.0,4,0.6,0.7525,0.375,0.0029169450011133375
Brand B,52256,297,30.1,5,0.804,0.4925,0.5,0.004151293631353337
Brand Z,96902,239,15.7,7,0.22799999999999998,0.3475,0.75,0.0017750923613547708
Brand E,95399,474,11.4,2,0.056000000000000015,0.935,0.125,0.0035138733110409957
Brand C,60855,293,16.9,6,0.27599999999999997,0.4825,0.625,0.003453619258894092
Brand C,51127,281,15.3,6,0.21200000000000002,0.4525,0.625,0.00393705869697029
Brand B,54795,267,20.3,5,0.41200000000000003,0.4175,0.5,0.0035220366821790304
Brand X,54119,252,15.9,8,0.23600000000000002,0.38,0.875,0.003347622831168351
Brand X,57501,429,33.1,8,0.924,0.8225,0.875,0.005395210518077946
Brand D,94023,422,21.2,9,0.44799999999999995,0.805,1.0,0.003209427480510088
Brand C,57088,187,26.9,6,0.6759999999999999,0.2175,0.625,0.0024343119394618835
Brand A,86984,126,18.2,4,0.32799999999999996,0.065,0.375,0.0010767497470799226
Brand D,64732,386,33.4,9,0.9359999999999999,0.715,1.0,0.004328925415559537
Brand X,31892,344,15.7,8,0.22799999999999998,0.61,0.875,0.007698168819766712
Brand Z,31159,480,20.4,7,0.4159999999999999,0.95,0.75,0.01097981321608524
Brand A,42283,473,23.9,4,0.5559999999999999,0.9325,0.375,0.008000141901000402
Brand C,48723,237,12.6,6,0.10399999999999998,0.3425,0.625,0.0034825441783141427
Brand A,69846,152,13.7,4,0.14799999999999996,0.13,0.375,0.0015821951149672135
Brand Z,46725,161,14.7,7,0.18799999999999997,0.1525,0.75,0.0025063670411985014
Brand B,86990,174,10.4,5,0.016000000000000014,0.185,0.5,0.0014360271295551213
Brand X,40206,385,32.0,8,0.88,0.7125,0.875,0.006941749987564046
Brand X,86117,212,27.8,8,0.7120000000000001,0.28,0.875,0.0018200819814902978
Brand X,81274,355,29.5,8,0.78,0.6375,0.875,0.003166449294977483
Brand X,30183,415,21.0,8,0.44,0.7875,0.875,0.009833349898949741
Brand Z,34535,196,15.2,7,0.20799999999999996,0.24,0.75,0.004104821195888229
Brand C,35215,377,25.3,6,0.612,0.6925,0.625,0.0077094987931279274
Brand E,72980,294,21.8,2,0.47200000000000003,0.485,0.125,0.0029095642641819674
Brand Z,55921,443,11.0,7,0.04,0.8575,0.75,0.005604334686432646
Brand B,95051,225,12.4,5,0.09600000000000002,0.3125,0.5,0.0016961420710986733
